date,close,volume,open,high,low
2025-04-29,23.65,19406900,22.9,23.95,22.2
2025-04-28,23.1,14336300,22.8,23.5,22.55
2025-04-25,22.8,18916200,22.8,22.85,22.3
2025-04-24,22.8,16543000,22.0,23.1,21.8
2025-04-23,21.95,26859000,20.95,22.0,20.7
2025-04-22,20.6,19583700,20.35,20.6,19.3
2025-04-21,20.4,13359200,20.05,20.65,20.05
2025-04-18,20.4,18997200,20.45,21.0,19.55
2025-04-17,20.4,9657700,20.25,20.6,20.1
2025-04-16,20.4,19670700,20.2,21.1,20.15
2025-04-15,20.3,19239000,20.3,20.7,19.95
2025-04-14,20.3,18452000,19.5,20.35,19.25
2025-04-11,19.4,16425100,19.1,19.6,18.85
2025-04-10,19.25,1890900,19.25,19.25,19.25
2025-04-09,18.0,24614200,16.5,18.35,16.5
2025-04-08,17.5,20763200,18.0,18.15,17.5
2025-04-04,18.8,27118700,17.45,18.8,17.45
2025-04-03,18.75,18588500,19.3,19.6,18.75
2025-04-02,20.15,22985300,20.2,20.55,19.9
2025-04-01,20.0,16455600,19.35,20.1,19.25
2025-03-31,19.15,11536000,19.3,19.45,19.05
2025-03-28,19.5,9353000,19.6,19.65,19.35
2025-03-27,19.65,9652800,19.95,20.05,19.6
2025-03-26,19.95,22377500,19.95,20.15,19.75
2025-03-25,19.8,30908400,19.2,20.3,19.1
2025-03-24,19.15,19774400,18.45,19.2,18.4
2025-03-21,18.45,9853900,18.4,18.5,18.15
2025-03-20,18.4,3614700,18.5,18.75,18.3
2025-03-19,18.45,11508000,18.35,18.5,18.1
2025-03-18,18.45,12489700,18.7,18.8,18.4
2025-03-17,18.7,9392000,18.65,18.8,18.6
2025-03-14,18.75,11422100,18.9,19.1,18.7
2025-03-13,18.8,29808500,18.3,19.2,18.25
2025-03-12,18.3,11789600,18.2,18.45,18.15
2025-03-11,18.2,8111000,17.9,18.25,17.7
2025-03-10,18.25,8696300,18.35,18.45,18.2
2025-03-07,18.2,16865500,17.85,18.5,17.8
2025-03-06,17.85,7172100,17.75,17.95,17.65
2025-03-05,17.75,12706900,17.7,18.05,17.6
2025-03-04,17.7,11254500,17.6,17.8,17.55
2025-03-03,17.7,12108200,17.35,17.95,17.35
2025-02-28,17.4,11416300,17.25,17.65,17.2
2025-02-27,17.2,8005700,17.15,17.2,16.9
2025-02-26,17.15,5280100,17.25,17.35,17.0
2025-02-25,17.25,5837200,17.4,17.5,17.25
2025-02-24,17.35,7296500,17.2,17.35,17.1
2025-02-21,17.25,8867700,17.35,17.4,17.1
2025-02-20,17.35,10812700,17.25,17.45,17.25
2025-02-19,17.2,11283100,16.9,17.3,16.8
2025-02-18,16.85,10881800,16.5,17.05,16.45
2025-02-17,16.45,6732800,16.6,16.7,16.4
2025-02-14,16.6,5337400,16.7,16.8,16.55
2025-02-13,16.65,4323500,16.4,16.7,16.4
2025-02-12,16.4,2712700,16.55,16.6,16.4
2025-02-11,16.4,6501700,16.6,16.6,16.3
2025-02-10,16.6,5381200,16.7,16.75,16.55
2025-02-07,16.85,6185200,16.65,16.9,16.6
2025-02-06,16.7,3805000,16.9,16.9,16.7
2025-02-05,16.85,13551200,16.35,17.1,16.35
2025-02-04,16.3,4430300,16.3,16.4,16.2
2025-01-24,16.55,5325000,16.45,16.65,16.3
2025-01-23,16.45,4626700,16.2,16.5,16.2
2025-01-22,16.3,3206000,16.6,16.6,16.3
2025-01-21,16.6,3529400,16.75,16.75,16.5
2025-01-20,16.6,6900600,16.5,16.85,16.5
2025-01-17,16.55,4432800,16.5,16.6,16.45
2025-01-16,16.55,6720300,16.35,16.7,16.35
2025-01-15,16.5,8227500,16.2,16.5,16.1
2025-01-14,16.1,6583700,16.65,16.65,16.1
2025-01-13,16.7,4774200,16.8,16.85,16.5
2025-01-10,16.85,8897000,17.0,17.05,16.65
2025-01-09,17.0,3344000,16.9,17.15,16.8
2025-01-08,16.95,3265700,16.9,16.95,16.8
2025-01-07,16.95,7224500,17.05,17.15,16.8
2025-01-06,17.15,4480900,17.2,17.25,17.0
2025-01-03,17.2,2701100,17.35,17.45,17.15
2025-01-02,17.3,6915200,17.2,17.45,17.2
2024-12-31,17.15,4645500,17.05,17.3,17.05
2024-12-30,17.15,5681900,17.05,17.15,17.0
2024-12-27,17.15,5865200,17.2,17.25,17.0
2024-12-26,17.15,3726700,17.35,17.45,17.15
2024-12-25,17.3,9435700,17.05,17.5,17.05
2024-12-24,17.05,6940200,17.05,17.1,16.9
2024-12-23,17.05,4976400,17.15,17.2,17.0
2024-12-20,17.05,3568200,17.05,17.15,17.0
2024-12-19,17.05,6408800,17.05,17.25,16.95
2024-12-18,17.1,4496000,17.15,17.2,17.1
2024-12-17,17.15,5731600,17.3,17.35,17.1
2024-12-16,17.3,3468400,17.35,17.45,17.2
2024-12-13,17.35,3566800,17.3,17.4,17.2
2024-12-12,17.3,4406000,17.5,17.5,17.3
2024-12-11,17.35,8251600,17.6,17.65,17.35
2024-12-10,17.55,4540800,17.7,17.8,17.5
2024-12-09,17.7,4682100,17.7,17.85,17.7
2024-12-06,17.7,6189500,17.75,17.9,17.65
2024-12-05,17.85,6615400,17.4,17.9,17.35
2024-12-04,17.3,10716000,17.65,17.7,17.2
2024-12-03,17.7,4707800,17.85,17.85,17.7
2024-12-02,17.85,7004000,17.9,18.0,17.7
2024-11-29,17.9,7796000,17.95,18.0,17.8
2024-11-28,18.0,5075200,18.25,18.25,17.9
2024-11-27,18.1,3678700,18.3,18.35,18.05
2024-11-26,18.3,4397100,18.25,18.45,18.2
2024-11-25,18.25,4345600,18.1,18.35,18.1
2024-11-22,18.1,5011100,18.2,18.3,18.1
2024-11-21,18.2,6395700,18.0,18.2,17.95
2024-11-20,17.9,9344600,17.9,18.15,17.75
2024-11-19,17.9,4931300,18.1,18.25,17.9
2024-11-18,18.1,7123800,18.2,18.5,18.1
2024-11-15,18.2,10515600,18.15,18.5,18.05
2024-11-14,18.1,11403800,18.1,18.65,18.1
2024-11-13,18.1,6231800,18.0,18.2,17.95
2024-11-12,18.0,4570800,17.85,18.2,17.85
2024-11-11,18.0,5983800,17.8,18.0,17.6
2024-11-08,17.95,4487200,18.15,18.15,17.75
2024-11-07,18.05,2770700,18.2,18.3,18.05
2024-11-06,18.05,2971100,17.9,18.05,17.8
2024-11-05,17.75,2633700,17.6,17.85,17.6
2024-11-04,17.7,4921400,17.8,17.85,17.55
2024-11-01,17.75,10571700,17.85,17.95,17.7
2024-10-31,17.85,6931800,18.2,18.2,17.85
2024-10-30,18.2,4299200,18.2,18.3,18.05
2024-10-29,18.15,3815600,18.15,18.3,18.1
2024-10-28,18.1,3242500,18.2,18.25,18.1
2024-10-25,18.15,4770300,18.25,18.3,18.1
2024-10-24,18.15,10654400,18.7,18.7,18.15
2024-10-23,18.65,6222700,18.65,19.05,18.6
2024-10-22,18.6,9087500,19.1,19.15,18.55
2024-10-21,19.1,11488800,18.8,19.3,18.75
2024-10-18,18.75,5084500,18.95,19.1,18.75
2024-10-17,18.75,5000900,18.7,18.85,18.6
2024-10-16,18.7,4185200,18.8,18.9,18.65
2024-10-15,18.8,6684800,19.15,19.2,18.8
2024-10-14,19.15,11560900,19.4,19.6,19.05
2024-10-11,19.0,12919000,18.5,19.1,18.35
2024-10-10,18.45,3633500,18.6,18.7,18.45
2024-10-09,18.5,3292200,18.3,18.5,18.25
2024-10-08,18.35,3231300,18.3,18.4,18.15
2024-10-07,18.25,4876600,18.45,18.5,18.15
2024-10-04,18.3,9504200,18.65,18.65,18.25
2024-10-03,18.65,14455900,19.15,19.25,18.6
2024-10-02,19.15,5084600,19.25,19.35,19.1
2024-10-01,19.4,9870100,19.15,19.55,19.1
2024-09-30,19.1,6834300,19.4,19.4,19.1
2024-09-27,19.4,11672700,19.3,19.7,19.15
2024-09-26,19.2,6640500,19.25,19.4,19.15
2024-09-25,19.1,7600900,19.3,19.3,19.05
2024-09-24,19.05,5918900,19.05,19.1,18.9
2024-09-23,19.0,10845800,19.5,19.55,19.0
2024-09-20,19.5,12860100,19.65,19.75,19.4
2024-09-19,19.45,4719500,19.25,19.45,19.2
2024-09-18,19.15,8583000,19.45,19.75,19.15
2024-09-17,19.4,6036500,19.0,19.4,18.9
2024-09-16,18.9,5645600,19.3,19.4,18.9
2024-09-13,19.3,4986800,19.1,19.4,18.85
2024-09-12,19.0,3212500,19.3,19.35,19.0
2024-09-11,19.1,8396500,19.2,19.35,18.6
2024-09-10,19.2,19049800,20.2,20.3,19.05
2024-09-09,20.1,7303300,19.95,20.25,19.85
2024-09-06,20.1,11269400,19.75,20.1,19.4
2024-09-05,19.7,12485100,19.8,20.35,19.65
2024-09-04,19.7,11532600,19.0,19.7,18.85
2024-08-30,19.2,7658100,19.35,19.45,19.2
2024-08-29,19.25,12572000,19.5,19.75,19.15
2024-08-28,19.5,12575200,20.15,20.2,19.5
2024-08-27,20.05,15093200,19.85,20.65,19.75
2024-08-26,19.85,10385400,19.7,20.1,19.6
2024-08-23,19.5,7332100,19.8,19.85,19.4
2024-08-22,19.7,22027900,18.9,20.15,18.9
2024-08-21,18.9,6213600,18.75,18.9,18.65
2024-08-20,18.75,13861700,18.25,19.0,18.25
2024-08-19,18.3,6788300,18.45,18.45,18.2
2024-08-16,18.3,8623500,17.95,18.45,17.9
2024-08-15,17.8,7865700,18.05,18.25,17.8
2024-08-14,18.0,12337200,17.5,18.15,17.5
2024-08-13,17.45,4207100,17.4,17.7,17.35
2024-08-12,17.4,4950200,17.45,17.65,17.25
2024-08-09,17.5,4712100,17.8,17.8,17.35
2024-08-08,17.65,8490200,17.9,18.0,17.45
2024-08-07,18.0,21450600,17.7,18.15,17.65
2024-08-06,17.0,12005000,17.0,17.2,16.7
2024-08-05,16.8,13626200,17.75,17.85,16.8
2024-08-02,17.95,9306900,17.95,18.15,17.75
2024-08-01,18.2,13055900,18.65,18.85,17.8
2024-07-31,18.6,6988200,18.8,19.1,18.55
2024-07-30,18.75,10130800,18.85,18.95,18.55
2024-07-29,18.95,9488900,19.4,19.55,18.95
2024-07-26,19.3,14275800,19.8,19.85,19.2
2024-07-25,19.7,14310000,20.1,20.45,19.7
2024-07-24,20.15,5260200,20.05,20.2,19.8
2024-07-23,20.05,8859200,20.25,20.4,19.95
2024-07-22,20.05,7586900,19.9,20.15,19.6
2024-07-19,19.9,5274100,20.25,20.3,19.85
2024-07-18,20.15,9699200,19.8,20.15,19.6
2024-07-17,19.75,17511300,20.3,20.35,19.75
2024-07-16,20.2,10324900,20.4,20.55,20.15
2024-07-15,20.35,11248900,20.9,20.95,20.35
2024-07-12,20.75,8545000,20.75,21.25,20.65
2024-07-11,20.7,9049100,20.7,21.05,20.65
2024-07-10,20.55,9607200,20.6,21.05,20.55
2024-07-09,20.5,10564600,20.3,20.7,20.2
2024-07-08,20.3,18447500,20.8,20.8,20.3
2024-07-05,20.8,19509000,21.4,21.4,20.7
2024-07-04,21.25,11937600,21.3,21.7,21.1
2024-07-03,21.3,34019400,21.55,21.6,20.95
2024-07-02,21.7,8412700,21.9,22.0,21.6
2024-07-01,21.85,13748100,20.7,21.85,20.6
2024-06-28,20.45,12792300,20.4,21.2,20.4
2024-06-27,20.4,7612600,20.8,20.95,20.35
2024-06-26,20.8,5887300,21.5,21.5,20.75
2024-06-25,21.3,25463000,20.1,21.3,20.05
2024-06-24,19.95,10146400,19.9,20.5,19.9
2024-06-21,20.0,12265100,20.25,20.3,19.85
2024-06-20,20.25,12661900,20.6,20.8,20.05
2024-06-19,20.65,10528900,21.15,21.2,20.65
2024-06-18,21.1,6162500,21.25,21.35,21.1
2024-06-17,21.15,8662300,21.6,21.6,21.1
2024-06-14,21.45,10375100,21.8,21.85,21.45
2024-06-13,21.7,8894900,21.9,22.05,21.6
2024-06-12,21.85,7999200,21.7,21.95,21.6
2024-06-11,21.7,11747400,22.15,22.25,21.65
2024-06-10,22.1,5855400,22.3,22.45,22.05
2024-06-07,22.2,6500900,22.5,22.6,22.2
2024-06-06,22.5,6309300,22.7,22.8,22.2
2024-06-05,22.5,9512500,22.2,22.8,22.15
2024-06-04,22.1,4847800,22.4,22.45,22.05
2024-06-03,22.3,7069100,21.95,22.45,21.95
2024-05-31,21.75,5366300,22.1,22.1,21.65
2024-05-30,21.6,11224000,22.1,22.1,21.6
2024-05-29,22.15,7463700,22.5,22.5,22.1
2024-05-28,22.45,3615500,22.35,22.55,22.3
2024-05-27,22.3,4552900,22.3,22.4,22.2
2024-05-24,22.3,14276500,22.9,22.9,22.05
2024-05-23,23.0,5808600,23.0,23.2,22.75
2024-05-22,23.15,13070700,23.1,23.7,23.1
2024-05-21,23.15,9300200,22.9,23.25,22.7
2024-05-20,22.85,6019600,23.25,23.55,22.85
2024-05-17,23.1,10951000,22.7,23.25,22.5
2024-05-16,22.65,6049800,22.5,22.8,22.45
2024-05-15,22.35,5426800,22.3,22.4,22.15
2024-05-14,22.25,5075300,22.8,22.85,22.15
2024-05-13,22.25,4557100,22.5,22.6,22.1
2024-05-10,22.5,7424200,22.9,23.0,22.3
2024-05-09,22.85,5065300,23.15,23.4,22.85
2024-05-08,23.2,7711400,23.3,23.35,22.85
2024-05-07,23.35,6722900,23.35,23.6,22.85
2024-05-06,23.35,8148400,23.5,23.5,23.0
2024-05-03,23.4,13035400,22.85,23.65,22.75
2024-05-02,22.75,6044600,22.45,22.8,22.35
2024-04-26,22.45,7637500,22.2,22.6,22.0
2024-04-25,22.55,4172100,22.35,22.6,22.1
2024-04-24,22.55,5630400,22.2,22.65,22.05
2024-04-23,21.9,4860300,22.2,22.5,21.6
2024-04-22,22.4,7078300,21.6,22.6,21.5
2024-04-19,21.3,8590500,21.65,21.95,21.05
2024-04-17,22.0,7302500,22.4,22.75,21.85
2024-04-16,22.2,12875500,22.4,22.65,21.9
2024-04-15,22.5,13823600,23.85,24.05,22.5
2024-04-12,24.15,3555700,23.95,24.4,23.95
2024-04-11,23.9,3359700,23.95,24.1,23.8
2024-04-10,24.25,4857200,24.25,24.7,24.2
2024-04-09,24.2,6487000,23.65,24.3,23.65
2024-04-08,23.6,14766300,24.8,24.85,23.6
2024-04-05,24.7,8275400,25.1,25.1,24.7
2024-04-04,25.3,5579700,25.8,25.8,25.25
2024-04-03,25.5,6533200,25.55,26.05,25.5
2024-04-02,25.55,7712300,25.7,25.75,25.35
2024-04-01,25.7,5885800,25.9,26.1,25.65
2024-03-29,25.85,5019000,25.95,25.95,25.5
2024-03-28,25.65,14611800,26.0,26.4,25.65
2024-03-27,25.95,5848500,26.35,26.4,25.9
2024-03-26,26.4,7341400,26.05,26.45,25.0
2024-03-25,26.05,8943300,26.5,26.95,25.95
2024-03-22,26.7,10058500,27.15,27.2,26.45
2024-03-21,26.95,12499300,26.7,27.15,26.35
2024-03-20,26.35,11622200,26.9,26.9,26.1
2024-03-19,26.75,16110300,28.5,28.75,26.7
2024-03-18,27.55,34582300,25.85,27.55,25.0
2024-03-15,25.75,11252300,25.7,25.8,25.1
2024-03-14,25.9,12347200,26.05,26.4,25.55
2024-03-13,25.9,8044000,25.2,25.9,24.95
2024-03-12,25.2,10111700,24.5,25.25,24.45
2024-03-11,24.5,11759900,25.4,25.55,24.5
2024-03-08,25.4,10155500,26.35,26.35,25.4
2024-03-07,26.0,7948600,26.0,26.25,25.75
2024-03-06,26.05,9242300,26.55,27.0,25.9
2024-03-05,26.7,11477700,27.0,27.2,26.4
2024-03-04,27.0,14024600,26.5,27.3,26.2
2024-03-01,26.65,13628700,26.6,26.8,25.85
2024-02-29,26.5,21519800,27.65,27.65,26.4
2024-02-28,27.8,20532400,26.8,27.9,26.3
2024-02-27,26.4,11770400,26.7,26.9,25.55
2024-02-26,26.0,14172600,25.45,26.5,25.35
2024-02-23,25.45,17915800,26.4,26.6,25.25
2024-02-22,26.4,13517400,25.8,26.65,25.75
2024-02-21,26.0,21071500,25.6,26.25,25.0
2024-02-20,25.5,25144500,24.75,25.7,24.7
2024-02-19,24.05,23898600,22.7,24.05,22.6
2024-02-16,22.5,8591500,22.1,22.7,22.05
2024-02-15,22.0,7115700,22.05,22.2,21.85
2024-02-07,21.9,6100200,21.7,21.9,21.6
2024-02-06,21.7,7484200,21.85,22.05,21.6
2024-02-05,21.8,13264300,22.35,22.4,21.7
2024-02-02,22.3,6505300,22.6,22.7,22.3
2024-02-01,22.65,6885000,22.5,22.7,22.45
2024-01-31,22.45,18081000,23.5,23.65,22.45
2024-01-30,23.4,8150500,23.3,23.6,23.1
2024-01-29,23.3,6629600,23.75,23.75,23.3
2024-01-26,23.75,5330500,23.95,23.95,23.55
2024-01-25,23.8,3440200,23.95,24.0,23.75
2024-01-24,23.95,8329900,23.75,24.3,23.7
2024-01-23,23.75,5533200,23.95,23.95,23.55
2024-01-22,23.9,5638700,24.0,24.0,23.7
2024-01-19,23.85,6538600,23.6,24.2,23.6
2024-01-18,23.55,6889200,23.3,23.55,23.2
2024-01-17,23.3,4900600,23.1,23.4,23.05
2024-01-16,23.1,2666500,22.95,23.1,22.85
2024-01-15,22.95,2397000,23.25,23.35,22.95
2024-01-12,23.1,5984400,23.3,23.3,22.9
2024-01-11,23.45,3879700,23.35,23.65,23.3
2024-01-10,23.3,3463500,23.35,23.5,23.2
2024-01-09,23.35,4815300,23.7,23.8,23.35
2024-01-08,23.7,7661200,23.35,24.1,23.35
2024-01-05,23.35,3301000,23.55,23.55,23.1
2024-01-04,23.4,4793300,23.25,23.6,23.25
2024-01-03,23.25,2678300,23.0,23.3,22.9
2024-01-02,23.1,4421200,23.5,23.55,23.05
2023-12-29,23.3,4354700,23.65,23.65,23.3
2023-12-28,23.5,6105000,23.25,23.7,23.25
2023-12-27,23.25,3220300,23.3,23.45,23.2
2023-12-26,23.3,2651000,23.35,23.5,23.15
2023-12-25,23.4,3420400,22.85,23.4,22.85
2023-12-22,22.95,1890300,22.95,23.0,22.7
2023-12-21,22.95,1587500,22.9,23.0,22.7
2023-12-20,23.0,2595400,22.9,23.1,22.7
2023-12-19,22.7,2628400,22.65,22.85,22.55
2023-12-18,22.6,2345700,22.65,22.9,22.55
2023-12-15,22.55,4256000,22.85,23.05,22.55
2023-12-14,22.85,3505600,23.25,23.3,22.7
2023-12-13,23.0,4320000,23.65,23.7,22.95
2023-12-12,23.65,3058000,23.7,23.8,23.4
2023-12-11,23.65,3772200,23.45,23.75,23.45
2023-12-08,23.35,5574900,22.8,23.45,22.7
2023-12-07,22.8,5052900,22.95,23.2,22.65
2023-12-06,22.9,3749700,22.85,23.0,22.7
2023-12-05,22.85,2463600,23.0,23.1,22.8
2023-12-04,23.0,4686600,22.9,23.25,22.65
2023-12-01,22.8,2550200,22.65,22.9,22.45
2023-11-30,22.1,3943400,23.1,23.2,22.1
2023-11-29,23.2,4081300,22.9,23.35,22.8
2023-11-28,22.8,1971100,22.6,22.8,22.35
2023-11-27,22.6,2222200,22.6,22.95,22.55
2023-11-24,22.6,4005100,22.55,22.6,22.0
2023-11-23,22.6,5353700,22.9,23.45,22.6
2023-11-22,22.8,3400700,22.7,22.85,22.5
2023-11-21,22.6,4601900,22.9,22.95,22.5
2023-11-20,22.55,4059300,22.55,23.2,22.55
2023-11-17,22.8,8229200,24.0,24.15,22.5
2023-11-16,23.85,4276100,24.0,24.05,23.65
2023-11-15,24.1,3942600,24.5,24.75,24.1
2023-11-14,24.0,3670600,23.85,24.1,23.5
2023-11-13,23.5,3840800,24.0,24.2,23.45
2023-11-10,23.95,4353000,23.85,24.4,23.85
2023-11-09,24.3,5772800,24.0,24.6,23.95
2023-11-08,23.7,5845600,23.2,23.85,22.85
2023-11-07,23.15,5320400,23.7,24.0,23.05
2023-11-06,24.0,5406700,24.3,24.5,23.7
2023-11-03,24.4,12592000,23.5,24.4,23.2
2023-11-02,23.25,5800700,23.0,23.3,22.45
2023-11-01,22.7,6236700,22.3,22.7,21.6
2023-10-31,22.2,5812200,23.3,23.7,22.2
2023-10-30,23.1,5403600,22.6,24.1,22.1
2023-10-27,22.9,12955400,24.6,24.65,22.9
2023-10-26,24.6,9247600,25.9,25.9,24.6
2023-10-25,26.45,2808000,26.8,27.0,26.45
2023-10-24,26.6,2105000,26.0,26.8,26.0
2023-10-23,26.0,2251100,26.5,26.5,25.95
2023-10-20,26.6,1936300,26.5,27.05,25.85
2023-10-19,26.4,2838000,26.4,27.0,25.8
2023-10-18,26.5,2937600,27.1,27.1,25.9
2023-10-17,27.0,3254700,26.65,27.6,26.55
2023-10-16,26.7,1709400,27.1,27.25,26.7
2023-10-13,27.35,1652100,27.1,27.5,27.0
2023-10-12,27.2,1740500,27.35,27.45,27.05
2023-10-11,27.0,1089400,27.1,27.3,26.9
2023-10-10,27.0,2641400,27.1,27.3,26.95
2023-10-09,27.05,2015300,27.2,27.2,26.85
2023-10-06,27.45,1952100,27.0,27.45,26.75
2023-10-05,26.8,1977600,27.0,27.4,26.7
2023-10-04,27.0,2343000,25.9,27.1,25.9
2023-10-03,26.3,3301100,26.75,26.95,26.2
2023-10-02,26.85,3579500,26.1,27.1,25.95
2023-09-29,26.1,4626100,25.6,27.05,25.6
2023-09-28,25.45,4514100,26.0,26.0,25.15
2023-09-27,26.1,4127900,26.1,26.45,25.5
2023-09-26,25.8,4905100,26.8,27.0,25.8
2023-09-25,26.6,4484800,27.3,27.7,26.6
2023-09-22,27.4,4715500,27.7,27.95,27.1
2023-09-21,28.15,3301100,28.2,28.2,27.85
2023-09-20,28.1,3875700,27.6,28.3,27.5
2023-09-19,27.6,5600300,27.8,28.15,27.35
2023-09-18,27.7,6121000,28.5,28.6,27.6
2023-09-15,28.4,4727700,28.9,29.15,28.4
2023-09-14,28.9,4132300,29.2,29.25,28.6
2023-09-13,29.0,6439000,29.55,29.6,28.9
2023-09-12,29.5,3974900,28.85,29.6,28.8
2023-09-11,28.7,5687100,29.8,29.9,28.7
2023-09-08,29.6,5885800,30.2,30.35,29.6
2023-09-07,30.3,4593600,30.3,30.55,30.2
2023-09-06,30.3,4059600,30.3,30.55,30.0
2023-09-05,30.15,4953600,30.3,30.75,30.1
2023-08-31,30.3,7227600,29.75,30.5,29.7
2023-08-30,29.7,6019400,29.35,29.9,29.3
2023-08-29,29.25,2829900,29.75,29.8,29.2
2023-08-28,29.75,4409300,28.95,29.75,28.85
2023-08-25,28.7,3335600,28.95,29.25,28.7
2023-08-24,29.05,3207200,28.85,29.2,28.7
2023-08-23,28.75,4721200,29.75,29.9,28.7
2023-08-22,29.3,4756100,29.3,29.45,28.1
2023-08-21,29.5,4805500,29.1,29.85,28.65
2023-08-18,29.1,13778500,30.2,30.5,28.6
2023-08-17,30.6,9882000,31.4,31.4,30.6
2023-08-16,31.5,11804900,31.9,32.0,31.3
2023-08-15,31.3,9339500,30.1,31.75,29.9
2023-08-14,30.3,6375800,30.6,30.7,30.2
2023-08-11,30.75,10672900,30.7,30.75,29.55
2023-08-10,30.05,7608100,30.9,30.95,29.95
2023-08-09,30.9,8737600,30.85,31.3,30.7
2023-08-08,31.0,17958200,29.9,31.45,29.7
2023-08-07,29.6,8302400,29.0,29.6,28.8
2023-08-04,28.7,4925300,28.6,29.1,28.5
2023-08-03,28.4,6526000,28.9,29.2,28.35
2023-08-02,28.9,4972700,29.05,29.2,28.8
2023-08-01,29.1,7960600,29.7,30.3,29.1
2023-07-31,29.65,11601500,29.5,29.9,29.3
2023-07-28,28.8,6500400,29.0,29.1,28.55
2023-07-27,28.5,6087800,28.9,28.95,28.3
2023-07-26,28.9,2785400,28.85,29.15,28.75
2023-07-25,29.0,8777400,28.4,29.35,28.15
2023-07-24,28.4,4770700,28.6,28.65,28.25
2023-07-21,28.4,5092900,28.0,28.4,27.95
2023-07-20,28.05,4272100,27.95,28.1,27.7
2023-07-19,27.95,7742000,28.35,28.35,27.85
2023-07-18,28.3,5731200,28.5,28.65,28.3
2023-07-17,28.65,7289900,28.05,28.75,28.0
2023-07-14,28.0,10208600,28.3,28.3,27.6
2023-07-13,28.15,7072900,28.3,28.35,28.05
2023-07-12,28.1,15357900,27.45,28.3,27.45
2023-07-11,27.3,8710500,27.1,27.65,27.0
2023-07-10,26.95,5570100,27.1,27.2,26.85
2023-07-07,27.0,4102200,26.95,27.05,26.8
2023-07-06,26.95,5699100,27.5,27.6,26.9
2023-07-05,27.5,5712700,27.2,27.7,27.1
2023-07-04,27.2,2531500,27.0,27.2,26.95
2023-07-03,27.0,3200500,26.95,27.2,26.85
2023-06-30,26.8,2611800,27.1,27.2,26.8
2023-06-29,27.0,5475500,27.2,27.6,27.0
2023-06-28,27.3,4161800,27.55,27.65,27.15
2023-06-27,27.45,7670300,26.8,27.55,26.75
2023-06-26,26.7,5157200,27.0,27.0,26.5
2023-06-23,26.85,3438500,27.0,27.1,26.85
2023-06-22,27.0,3347500,26.8,27.05,26.8
2023-06-21,26.8,2665100,26.65,26.85,26.65
2023-06-20,26.65,1913900,26.55,26.75,26.55
2023-06-19,26.55,2841300,26.65,26.85,26.55
2023-06-16,26.5,4575800,27.0,27.05,26.5
2023-06-15,26.85,2922300,27.2,27.3,26.85
2023-06-14,27.15,2863500,27.15,27.4,27.15
2023-06-13,27.1,3192200,26.8,27.15,26.7
2023-06-12,26.7,3006200,26.75,26.9,26.45
2023-06-09,26.7,2895800,27.05,27.05,26.6
2023-06-08,26.9,4427100,27.2,27.4,26.9
2023-06-07,27.25,3217500,27.4,27.45,27.2
2023-06-06,27.35,2329600,27.15,27.35,27.1
2023-06-05,27.1,3292300,27.45,27.45,27.1
2023-06-02,27.1,2949200,27.05,27.35,26.9
2023-06-01,26.85,4879700,27.1,27.35,26.75
2023-05-31,27.1,5544300,27.75,27.8,27.1
2023-05-30,27.7,3114800,27.75,27.9,27.65
2023-05-29,27.7,2743000,27.7,27.85,27.7
2023-05-26,27.7,2026100,27.75,27.8,27.6
2023-05-25,27.7,1359800,27.6,27.75,27.5
2023-05-24,27.65,1610900,27.95,27.95,27.5
2023-05-23,27.7,3423900,27.9,28.1,27.65
2023-05-22,27.9,4432000,28.0,28.15,27.85
2023-05-19,28.0,2888700,28.05,28.3,27.7
2023-05-18,28.1,3968500,28.0,28.3,27.6
2023-05-17,27.9,3184300,28.3,28.35,27.9
2023-05-16,28.4,2735200,28.4,28.4,28.0
2023-05-15,28.4,3477300,28.45,28.65,28.3
2023-05-12,28.15,3287000,28.05,28.3,27.75
2023-05-11,28.05,3295500,28.0,28.15,27.85
2023-05-10,27.8,3978200,27.55,27.8,27.45
2023-05-09,27.4,2135300,27.45,27.65,27.35
2023-05-08,27.45,3009500,27.45,27.45,27.15
2023-05-05,27.15,1515000,27.25,27.55,27.1
2023-05-04,27.25,1435300,27.55,27.75,27.2
2023-04-28,27.7,2842300,27.1,27.7,27.1
2023-04-27,27.0,2082500,27.45,27.45,27.0
2023-04-26,27.5,4002500,27.8,27.8,26.85
2023-04-25,27.7,3437800,28.2,28.3,27.4
2023-04-24,28.15,3750900,28.75,28.9,28.0
2023-04-21,27.9,2738500,28.3,28.3,27.6
2023-04-20,28.3,1686700,28.3,28.35,27.95
2023-04-19,28.3,2462700,28.6,28.85,27.8
2023-04-18,28.5,2264000,28.45,28.6,28.25
2023-04-17,28.3,1578500,28.6,29.0,27.9
2023-04-14,28.6,2693200,28.65,28.8,28.45
2023-04-13,28.4,1089300,28.8,29.05,28.2
2023-04-12,28.7,2836700,28.95,29.05,28.5
2023-04-11,29.05,1017000,28.95,29.15,28.85
2023-04-10,29.1,1435500,29.3,29.3,28.9
2023-04-07,29.2,1723900,29.5,29.55,28.5
2023-04-06,29.5,2706800,29.55,29.55,29.3
2023-04-05,29.45,2446000,29.45,29.55,29.2
2023-04-04,29.45,1958000,29.6,29.6,29.05
2023-04-03,29.6,3057800,29.9,30.2,29.5
2023-03-31,29.55,5358200,30.0,31.0,29.55
2023-03-30,29.9,7146900,29.5,31.25,29.3
2023-03-29,29.25,1472200,29.0,29.25,28.75
2023-03-28,29.25,2801800,29.05,29.65,29.05
2023-03-27,29.3,1714000,29.25,29.45,28.65
2023-03-24,29.25,1312500,29.25,29.45,29.2
2023-03-23,29.3,1817500,29.0,29.45,29.0
2023-03-22,29.7,4228500,29.1,29.8,28.85
2023-03-21,29.45,3045500,28.95,29.5,28.15
2023-03-20,29.0,2353200,29.5,29.5,28.05
2023-03-17,29.5,6891400,28.95,29.7,28.95
2023-03-16,28.95,2649100,28.45,29.05,28.45
2023-03-15,28.5,3577700,28.8,29.4,28.2
2023-03-14,28.8,2116400,28.8,29.05,28.25
2023-03-13,29.1,4124400,27.95,29.4,27.85
2023-03-10,28.0,2302400,26.9,28.05,26.9
2023-03-09,27.0,5053200,27.25,27.45,26.95
2023-03-08,27.25,2194700,26.4,27.25,26.4
2023-03-07,26.6,2211500,26.7,27.0,26.4
2023-03-06,26.15,2736300,26.45,27.1,26.15
2023-03-03,26.0,2078400,26.3,26.5,25.7
2023-03-02,26.2,1980400,26.95,27.0,26.2
2023-03-01,26.8,2068500,26.7,27.45,26.2
2023-02-28,26.7,2998000,26.2,27.55,26.1
2023-02-27,25.75,1513400,26.15,26.6,25.55
2023-02-24,26.5,2243300,26.7,26.9,26.3
2023-02-23,26.5,4737800,28.3,28.4,26.5
2023-02-22,28.1,1360100,29.3,29.35,28.1
2023-02-21,29.6,1309700,29.35,29.8,29.15
2023-02-20,29.35,3128000,28.3,29.35,28.15
2023-02-17,28.4,1280800,28.3,28.65,28.0
2023-02-16,28.4,978700,28.35,28.45,27.7
2023-02-15,28.35,969600,27.8,28.4,27.6
2023-02-14,28.0,1441900,28.5,28.5,27.4
2023-02-13,28.5,1031800,28.0,28.5,27.55
2023-02-10,28.2,726000,28.2,28.4,27.8
2023-02-09,28.2,1205500,28.3,28.95,28.15
2023-02-08,28.5,1375500,28.55,28.95,28.45
2023-02-07,28.55,1347600,29.4,29.5,28.55
2023-02-06,29.5,940200,28.5,29.5,28.3
2023-02-03,29.2,1095800,28.85,29.2,28.6
2023-02-02,28.85,1699200,28.05,28.95,28.05
2023-02-01,28.0,1893600,29.7,29.7,28.0
2023-01-31,29.7,1095200,29.75,30.15,29.25
2023-01-30,29.8,1610100,30.2,30.2,29.3
2023-01-27,30.3,1974800,29.7,30.5,29.7
2023-01-19,29.65,3043500,29.0,30.3,29.0
2023-01-18,29.3,1473600,29.8,29.8,29.0
2023-01-17,29.85,2138800,28.7,29.85,27.95
2023-01-16,28.5,1010000,28.35,28.8,27.95
2023-01-13,28.6,770200,28.7,29.0,28.25
2023-01-12,28.7,1037700,28.9,28.9,28.0
2023-01-11,28.5,989900,29.45,29.5,28.5
2023-01-10,29.4,914500,29.4,29.4,28.45
2023-01-09,29.4,1193700,29.25,29.6,29.0
2023-01-06,29.25,1696300,29.2,29.6,28.35
2023-01-05,29.2,4076200,28.4,29.2,28.0
2023-01-04,28.6,2624200,28.55,28.75,28.1
2023-01-03,28.1,3875900,27.0,28.1,26.35
2022-12-30,26.3,1792900,26.15,27.2,26.15
2022-12-29,26.5,1545900,26.8,27.15,26.5
2022-12-28,26.9,1813400,25.75,27.1,25.6
2022-12-27,25.8,1897200,25.0,26.25,24.75
2022-12-26,24.55,2460400,26.05,26.05,24.55
2022-12-23,25.8,1835700,26.15,26.15,25.55
2022-12-22,26.0,2054700,26.1,26.45,25.6
2022-12-21,26.0,3216500,26.15,26.7,25.6
2022-12-20,25.75,3321300,26.75,27.35,25.65
2022-12-19,27.3,2643000,27.0,27.8,26.25
2022-12-16,26.2,9287700,27.6,27.9,26.2
2022-12-15,27.9,2131800,27.95,28.05,27.5
2022-12-14,27.95,2533600,28.05,28.1,27.2
2022-12-13,28.0,2178600,27.4,28.0,27.05
2022-12-12,27.05,3231300,29.2,29.95,27.05
2022-12-09,28.9,3690300,28.85,29.5,28.05
2022-12-08,28.75,2497400,29.5,30.1,28.5
2022-12-07,29.5,2217500,29.5,30.2,28.6
2022-12-06,29.35,2883400,30.5,30.95,29.35
2022-12-05,31.55,2356100,31.65,31.65,31.0
2022-12-02,31.55,2864300,29.1,31.55,29.0
2022-12-01,30.0,2812500,30.05,30.8,29.55
2022-11-30,30.55,2894300,31.0,31.0,29.8
2022-11-29,30.5,3972000,29.3,30.5,28.9
2022-11-28,29.3,4231400,27.95,29.3,27.55
2022-11-25,27.4,900300,27.6,27.7,27.1
2022-11-24,27.1,1209600,26.0,27.55,26.0
2022-11-23,26.15,661300,26.05,26.85,25.9
2022-11-22,26.15,1870400,26.1,28.0,26.05
2022-11-21,26.3,1750000,27.5,27.5,26.1
2022-11-18,27.6,1936700,28.0,28.3,27.3
2022-11-17,28.4,3241400,26.55,28.4,26.0
2022-11-16,26.55,2283400,23.85,26.65,23.3
2022-11-15,24.95,1663100,25.35,25.4,24.5
2022-11-14,25.35,1701700,24.5,25.35,24.1
2022-11-11,25.3,1940400,25.1,25.4,24.7
2022-11-10,24.8,1447000,25.35,25.6,24.55
2022-11-09,25.4,1916000,25.3,26.15,24.8
2022-11-08,25.25,1798400,25.5,25.75,24.8
2022-11-07,25.5,1575200,26.0,26.45,25.25
2022-11-04,26.0,1786100,25.5,26.05,24.55
2022-11-03,26.0,524600,25.15,26.0,25.15
2022-11-02,25.8,1209300,26.05,26.3,25.1
2022-11-01,26.25,2023900,24.55,26.3,24.55
2022-10-31,24.6,1343000,24.2,24.6,23.0
2022-10-28,23.7,1603500,24.0,24.8,23.55
2022-10-27,23.75,1960900,22.9,23.75,22.5
2022-10-26,22.2,667200,23.05,23.2,22.2
2022-10-25,23.0,1369200,21.6,23.65,21.4
2022-10-24,22.35,1778100,24.65,24.65,22.35
2022-10-21,24.0,720600,24.9,25.0,24.0
2022-10-20,25.1,1365000,25.0,25.35,24.6
2022-10-19,25.2,661800,25.6,25.85,24.95
2022-10-18,25.8,855200,25.3,25.8,24.8
2022-10-17,24.9,1037800,24.3,24.9,23.9
2022-10-14,25.2,670600,26.0,26.0,25.05
2022-10-13,25.6,1584500,24.2,25.6,23.8
2022-10-12,24.2,2281600,22.3,24.85,22.0
2022-10-11,23.65,2576300,25.3,25.6,23.65
2022-10-10,25.4,1759700,25.3,27.2,25.0
2022-10-07,26.0,2464400,26.2,27.15,24.9
2022-10-06,26.5,1262900,27.05,27.5,26.5
2022-10-05,27.0,922900,26.75,27.9,26.55
2022-10-04,26.7,1744700,26.25,27.0,25.4
2022-10-03,26.1,1364000,27.55,27.9,26.1
2022-09-30,28.0,1800300,26.9,28.0,26.9
2022-09-29,27.2,1584800,27.2,27.8,26.95
2022-09-28,26.85,1118100,26.5,27.1,26.5
2022-09-27,26.65,1271100,27.15,27.4,26.6
2022-09-26,26.65,1764700,27.9,28.2,26.65
2022-09-23,28.5,515200,28.25,28.65,28.25
2022-09-22,28.65,778800,28.15,28.65,27.75
2022-09-21,28.6,494100,28.65,28.85,28.3
2022-09-20,29.05,1480700,29.1,29.15,28.6
2022-09-19,29.1,1602700,29.25,29.35,28.8
2022-09-16,29.85,2870500,28.85,29.85,28.2
2022-09-15,28.85,1092600,28.6,29.0,28.3
2022-09-14,28.5,1332600,28.35,28.7,27.95
2022-09-13,28.35,1872600,28.85,29.2,28.35
2022-09-12,28.75,1871600,27.65,28.8,27.65
2022-09-09,27.5,1270000,27.8,27.8,27.2
2022-09-08,27.4,1027300,27.65,27.95,27.4
2022-09-07,27.65,1875900,27.9,28.25,27.6
2022-09-06,28.05,1803100,27.6,28.05,27.45
2022-09-05,27.55,1465000,27.75,28.0,27.55
2022-08-31,27.7,2062000,28.1,28.4,27.7
2022-08-30,28.4,885800,28.4,28.8,28.3
2022-08-29,28.4,1941200,28.1,28.6,27.85
2022-08-26,28.85,954300,29.2,29.35,28.85
2022-08-25,29.2,1130400,28.5,29.2,28.5
2022-08-24,28.6,1569100,28.9,28.9,28.55
2022-08-23,28.85,1847800,28.5,29.0,28.35
2022-08-22,29.05,1382200,29.15,29.3,28.45
2022-08-19,29.3,2504000,29.1,29.6,28.65
2022-08-18,29.6,2271900,29.5,29.75,29.15
2022-08-17,29.5,1633100,29.3,29.65,29.25
2022-08-16,29.3,1098200,29.4,29.55,29.1
2022-08-15,29.55,1207700,29.4,29.7,29.35
2022-08-12,29.35,979100,28.55,29.45,28.55
2022-08-11,28.9,2321200,28.65,29.55,28.5
2022-08-10,28.4,824100,28.5,28.9,28.4
2022-08-09,28.55,771900,28.8,28.9,28.55
2022-08-08,28.7,933200,28.7,28.95,28.7
2022-08-05,28.95,1298600,28.5,29.1,28.5
2022-08-04,29.0,1213600,28.9,29.5,28.65
2022-08-03,29.05,1940500,28.5,29.05,28.3
2022-08-02,29.0,2183100,28.7,29.0,28.35
2022-08-01,29.0,2238700,28.0,29.0,27.8
2022-07-29,28.0,2024600,28.4,28.55,27.6
2022-07-28,28.1,4379900,26.4,28.1,26.35
2022-07-27,26.3,676600,26.2,26.3,26.0
2022-07-26,26.05,550700,26.1,26.4,26.0
2022-07-25,26.3,1173900,26.05,26.3,25.85
2022-07-22,26.0,1146000,26.35,26.7,26.0
2022-07-21,26.3,2005900,26.1,26.45,26.0
2022-07-20,26.05,1423900,26.1,26.25,26.0
2022-07-19,26.0,937900,25.8,26.05,25.75
2022-07-18,26.05,508500,26.3,26.45,26.0
2022-07-15,26.2,1215800,26.0,26.3,25.65
2022-07-14,26.05,1161000,26.5,26.5,25.9
2022-07-13,26.25,806000,26.2,26.6,25.8
2022-07-12,26.2,1087600,26.1,26.45,25.6
2022-07-11,26.0,3468900,26.0,26.5,25.15
2022-07-08,27.0,1037500,27.0,27.25,26.6
2022-07-07,27.0,2402600,26.2,27.0,26.2
2022-07-06,26.0,3210800,27.6,28.0,26.0
2022-07-05,27.95,1079500,28.5,28.8,27.95
2022-07-04,28.5,969000,28.95,28.95,28.35
2022-07-01,28.65,1806800,28.55,28.65,27.9
2022-06-30,28.55,1605000,28.5,28.85,28.0
2022-06-29,28.45,1095400,28.7,29.15,28.4
2022-06-28,28.85,1367000,28.4,29.45,28.4
2022-06-27,28.75,1271000,27.7,28.8,27.65
2022-06-24,27.55,974300,28.1,28.4,27.55
2022-06-23,28.05,801400,28.05,28.45,28.0
2022-06-22,28.5,1221700,28.5,28.9,28.1
2022-06-21,28.0,2572900,27.6,28.35,27.6
2022-06-20,28.7,2183100,29.3,29.3,28.1
2022-06-17,29.35,2350300,28.8,29.85,28.5
2022-06-16,29.2,3090500,28.9,30.5,28.65
2022-06-15,28.9,2498100,29.15,29.15,28.3
2022-06-14,29.15,2289700,27.15,29.15,27.15
2022-06-13,29.0,3179400,29.1,29.4,28.4
2022-06-10,30.5,1936600,30.6,30.6,29.95
2022-06-09,30.9,1442400,30.4,30.9,30.0
2022-06-08,30.4,2170300,29.7,30.5,29.7
2022-06-07,29.9,1839000,29.65,29.9,29.15
2022-06-06,29.95,1387000,29.95,30.0,29.5
2022-06-03,29.95,1491300,29.5,29.95,29.3
2022-06-02,29.95,1947800,29.8,30.2,29.6
2022-06-01,30.05,2301500,29.9,30.15,29.55
2022-05-31,30.15,2498300,29.85,30.3,29.4
2022-05-30,29.95,2849200,29.8,29.95,29.2
2022-05-27,29.8,2959400,29.2,29.8,29.0
2022-05-26,29.6,1976300,29.4,29.75,28.95
2022-05-25,29.45,4121200,28.05,29.45,27.65
2022-05-24,28.1,2611100,27.35,28.1,26.6
2022-05-23,27.35,2267400,27.1,27.85,26.4
2022-05-20,27.35,2127600,27.4,27.7,26.85
2022-05-19,27.4,2294100,26.5,27.9,26.5
2022-05-18,27.4,6037800,27.5,27.65,26.75
2022-05-17,27.4,4233100,26.0,27.5,25.8
2022-05-16,26.25,4649600,25.5,26.8,25.5
2022-05-13,25.3,6901900,26.75,27.3,25.1
2022-05-12,26.9,3703900,28.5,28.9,26.9
2022-05-11,28.9,4343100,28.5,29.7,28.2
2022-05-10,28.1,4226400,27.9,28.35,27.8
2022-05-09,28.2,7497200,29.8,29.9,27.9
2022-05-06,29.6,7483500,29.6,30.5,29.6
2022-05-05,30.3,2500200,30.1,30.4,29.6
2022-05-04,29.95,2433100,30.75,30.75,29.8
2022-04-29,30.9,4185700,30.0,30.9,29.85
2022-04-28,29.85,3488600,30.5,30.55,29.85
2022-04-27,30.5,4010600,31.0,31.0,29.6
2022-04-26,31.05,6142800,29.1,31.05,28.4
2022-04-25,29.05,5632400,31.35,31.35,28.75
2022-04-22,30.9,3238200,30.75,31.2,30.5
2022-04-21,30.5,5572100,30.65,30.75,28.55
2022-04-20,30.65,3604800,30.85,31.05,30.45
2022-04-19,30.85,3404000,31.25,31.85,30.85
2022-04-18,31.35,3516800,31.45,32.0,31.25
2022-04-15,31.5,3170900,31.85,32.4,31.5
2022-04-14,31.85,2223100,32.0,32.1,31.75
2022-04-13,31.85,2713700,31.25,31.9,31.2
2022-04-12,31.1,4993200,32.2,32.45,31.1
2022-04-08,32.2,3245800,32.55,33.0,32.2
2022-04-07,32.65,4387100,33.65,33.8,32.65
2022-04-06,33.6,5411400,33.65,34.15,33.4
2022-04-05,33.65,3095300,33.8,34.2,33.5
2022-04-04,34.05,4018900,34.6,34.65,34.05
2022-04-01,34.05,6486100,33.4,34.05,33.05
2022-03-31,33.45,5659000,32.85,33.75,32.7
2022-03-30,32.5,3398500,32.55,33.15,32.4
2022-03-29,32.55,2705000,32.4,32.75,32.15
2022-03-28,32.0,3672900,32.5,32.9,32.0
2022-03-25,32.7,2087800,32.8,32.95,32.6
2022-03-24,32.8,3310600,32.85,33.1,32.75
2022-03-23,32.85,3724800,33.1,33.5,32.85
2022-03-22,33.2,4008800,33.0,33.35,32.95
2022-03-21,33.2,3556300,33.0,33.3,32.8
2022-03-18,33.0,6805500,32.45,33.35,32.15
2022-03-17,32.25,2487300,32.0,32.25,31.95
2022-03-16,31.75,3471300,32.0,32.15,31.75
2022-03-15,31.75,3266700,32.0,32.25,31.65
2022-03-14,32.0,5191300,31.65,32.45,31.0
2022-03-11,31.85,3607800,31.7,32.5,31.5
2022-03-10,32.0,14045300,32.1,32.6,32.0
2022-03-09,31.6,6560500,32.5,32.6,31.6
2022-03-08,32.5,4935000,32.75,33.0,32.5
2022-03-07,32.9,10892800,33.3,33.3,32.8
2022-03-04,33.75,12248000,32.65,34.0,32.35
2022-03-03,32.7,6796000,33.0,33.1,32.5
2022-03-02,32.8,7563900,33.4,33.5,32.6
2022-03-01,33.5,4021300,33.5,33.9,33.3
2022-02-28,33.5,5203100,34.0,34.2,33.5
2022-02-25,34.0,4080500,34.4,34.5,34.0
2022-02-24,34.0,12182800,34.65,34.9,33.15
2022-02-23,34.9,6769800,34.95,35.45,34.6
2022-02-22,34.5,7445200,33.9,34.8,33.5
2022-02-21,34.1,5509700,33.55,34.2,33.45
2022-02-18,33.6,6182000,34.0,34.35,33.5
2022-02-17,34.45,3764700,34.3,34.75,34.0
2022-02-16,34.3,4748300,34.2,34.45,33.75
2022-02-15,34.0,8107200,33.0,34.0,32.7
2022-02-14,33.0,9234200,33.6,34.25,33.0
2022-02-11,34.6,7741700,35.95,35.95,34.6
2022-02-10,36.0,11025800,36.0,36.7,35.3
2022-02-09,35.9,5340100,35.5,35.9,35.4
2022-02-08,35.5,5480400,35.5,35.95,35.0
2022-02-07,35.5,12205700,35.8,36.85,35.1
2022-01-28,34.95,9720700,34.1,35.8,34.1
2022-01-27,34.2,6133600,33.8,34.95,33.6
2022-01-26,33.9,8966300,33.6,35.25,33.15
2022-01-25,33.15,6177100,31.85,33.15,31.0
2022-01-24,31.0,6704400,33.1,33.1,31.0
2022-01-21,33.1,4567900,33.65,34.0,33.1
2022-01-20,33.85,4406100,32.9,34.3,32.7
2022-01-19,32.85,3876700,32.6,33.3,32.5
2022-01-18,32.4,9207200,31.6,33.2,31.5
2022-01-17,32.0,10933900,34.2,34.7,32.0
2022-01-14,34.4,5549300,33.0,34.65,33.0
2022-01-13,33.8,10549600,36.1,36.25,33.8
2022-01-12,36.0,17913300,33.95,36.05,32.2
2022-01-11,34.2,13557200,34.8,35.6,33.95
2022-01-10,35.0,11058000,34.65,36.5,34.65
2022-01-07,34.75,16447000,35.95,37.0,34.75
2022-01-06,35.6,24897800,34.5,35.6,34.1
2022-01-05,33.3,10789700,31.25,33.3,31.25
2022-01-04,31.15,8227900,30.3,31.5,30.3
2021-12-31,30.1,6177200,30.55,31.05,30.1
2021-12-30,30.5,4061200,30.5,31.15,30.4
2021-12-29,30.55,5010000,30.8,31.45,30.45
2021-12-28,30.8,5740600,31.3,31.35,30.65
2021-12-27,31.3,4668000,31.5,31.5,30.9
2021-12-24,31.25,6393100,31.0,31.5,30.8
2021-12-23,31.0,8710200,31.75,31.8,30.9
2021-12-22,31.5,8606500,31.5,31.9,31.0
2021-12-21,31.4,10867100,31.05,31.85,30.8
2021-12-20,31.05,7941600,30.8,31.4,30.8
2021-12-17,30.8,14701000,30.15,31.55,30.1
2021-12-16,30.1,4561100,30.5,30.55,30.1
2021-12-15,30.4,4180000,30.25,30.4,30.05
2021-12-14,30.2,5586400,30.35,30.45,30.1
2021-12-13,30.45,7975300,30.4,30.55,30.2
2021-12-10,30.35,6830900,30.2,30.55,30.1
2021-12-09,30.45,9697000,30.0,30.5,29.7
2021-12-08,30.1,9301000,29.95,30.6,29.9
2021-12-07,29.95,8994800,28.15,29.95,28.15
2021-12-06,28.0,8876400,28.1,28.65,27.9
2021-12-03,28.1,10289600,29.7,29.9,28.1
2021-12-02,29.65,3984100,29.7,29.9,29.65
2021-12-01,29.7,7203300,29.85,30.4,29.6
2021-11-30,29.8,9891400,30.35,30.4,29.6
2021-11-29,30.15,9488000,29.8,30.7,29.8
2021-11-26,30.4,12697200,30.8,31.4,30.3
2021-11-25,30.85,11957400,31.5,31.7,30.8
2021-11-24,31.1,10222300,30.2,31.4,30.1
2021-11-23,30.15,7276000,29.65,30.5,29.35
2021-11-22,29.9,5636600,30.5,30.6,29.9
2021-11-19,30.5,10339200,31.1,31.4,30.0
2021-11-18,31.1,12995600,30.45,31.2,30.35
2021-11-17,30.45,6727900,30.1,30.5,30.05
2021-11-16,30.05,5663300,30.3,30.6,30.0
2021-11-15,30.2,7837800,30.3,30.55,30.1
2021-11-12,30.1,6538800,30.4,30.4,30.0
2021-11-11,30.3,7440400,30.95,31.0,30.3
2021-11-10,30.9,7357000,30.4,31.05,30.4
2021-11-09,30.4,9569900,30.8,30.85,30.35
2021-11-08,30.85,8782700,31.0,31.2,30.75
2021-11-05,31.2,5909000,31.9,31.9,31.05
2021-11-04,31.55,6827500,31.75,31.95,31.2
2021-11-03,31.7,13730900,31.05,32.5,30.8
2021-11-02,30.85,8209600,31.2,31.2,30.7
2021-11-01,31.15,10261800,31.4,31.4,30.9
2021-10-29,31.2,10513500,31.0,31.2,30.7
2021-10-28,31.0,7355600,31.5,31.5,30.8
2021-10-27,31.2,10007500,30.6,31.2,30.5
2021-10-26,30.6,7925500,30.3,30.6,29.4
2021-10-25,30.4,4937100,30.75,30.75,30.4
2021-10-22,30.65,6222800,30.6,31.0,30.55
2021-10-21,30.6,5049000,30.85,31.05,30.6
2021-10-20,30.95,6908600,30.3,31.1,30.2
2021-10-19,30.3,3672000,30.8,30.8,30.3
2021-10-18,30.8,5583000,30.7,31.2,30.45
2021-10-15,30.5,2438000,30.7,30.85,30.4
2021-10-14,30.7,4094600,30.3,30.9,30.2
2021-10-13,30.4,4774400,30.8,30.9,30.35
2021-10-12,30.8,7706200,30.6,31.0,30.4
2021-10-11,30.45,9514300,29.3,30.5,29.3
2021-10-08,29.15,3211900,29.35,29.45,29.15
2021-10-07,29.3,4081600,29.4,29.55,29.15
2021-10-06,29.4,5674000,28.55,29.4,28.5
2021-10-05,28.45,3380200,28.25,28.6,28.25
2021-10-04,28.25,3503500,28.25,28.6,28.05
2021-10-01,28.2,5257400,29.1,29.1,28.2
2021-09-30,29.1,5663200,28.35,29.1,28.35
2021-09-29,28.3,2420400,28.5,28.55,28.0
2021-09-28,28.5,3401100,28.2,28.6,27.9
2021-09-27,28.25,3657800,28.5,28.75,28.1
2021-09-24,28.5,3026000,28.9,28.95,28.25
2021-09-23,28.9,3152500,28.6,28.9,28.3
2021-09-22,28.45,4080100,28.4,28.8,28.0
2021-09-21,28.4,8415800,28.5,29.15,27.35
2021-09-20,29.3,6019900,29.6,30.15,29.2
2021-09-17,29.2,11870000,30.2,30.45,29.2
2021-09-16,30.0,14831000,28.8,30.3,28.7
2021-09-15,28.55,4857400,28.0,28.65,28.0
2021-09-14,28.3,6595600,28.5,28.8,28.2
2021-09-13,27.9,4681800,28.1,28.3,27.85
2021-09-10,28.0,5818900,27.6,28.35,27.6
2021-09-09,27.45,3537300,27.1,27.95,27.05
2021-09-08,27.1,2289400,27.45,27.45,27.05
2021-09-07,27.2,3358200,28.0,28.1,27.2
2021-09-06,28.1,2869700,28.0,28.2,28.0
2021-09-01,27.9,3582100,27.1,27.9,27.0
2021-08-31,27.3,2447900,27.2,27.3,26.85
2021-08-30,27.2,2372200,26.9,27.25,26.7
2021-08-27,26.8,2874100,26.45,26.8,26.3
2021-08-26,26.45,2511500,26.6,26.85,26.35
2021-08-25,26.3,2545700,26.15,26.6,26.05
2021-08-24,26.15,4238300,25.95,26.35,25.9
2021-08-23,26.05,5284200,26.7,26.85,26.05
2021-08-20,27.05,6750800,27.9,27.9,26.7
2021-08-19,27.95,3943600,27.8,28.1,27.55
2021-08-18,27.8,4640800,28.0,28.15,27.8
2021-08-17,28.05,3881200,28.5,28.75,28.0
2021-08-16,28.5,5965500,28.1,28.9,28.1
2021-08-13,28.0,4774700,28.0,28.25,27.8
2021-08-12,28.0,5302100,27.95,28.4,27.9
2021-08-11,28.0,5805700,28.4,28.5,28.0
2021-08-10,28.35,4428600,28.7,29.0,28.25
2021-08-09,28.6,6773500,28.0,28.75,27.95
2021-08-06,27.95,6698200,28.0,28.45,27.75
2021-08-05,27.95,4302900,27.9,28.05,27.75
2021-08-04,27.9,4042900,28.4,28.4,27.9
2021-08-03,28.3,8860000,27.4,28.45,27.35
2021-08-02,27.5,3210100,27.4,27.8,27.3
2021-07-30,27.65,5044600,27.5,27.7,27.3
2021-07-29,27.35,4172300,27.3,27.9,27.1
2021-07-28,27.2,2228600,27.6,27.6,27.15
2021-07-27,27.65,6060400,27.5,27.95,27.3
2021-07-26,26.75,3122400,26.5,27.2,26.4
2021-07-23,27.0,4945800,27.8,28.0,27.0
2021-07-22,28.2,4408400,27.0,28.25,26.75
2021-07-21,27.4,5563500,26.6,27.75,26.0
2021-07-20,26.7,6793100,26.2,26.9,25.1
2021-07-19,26.8,5381900,27.0,27.4,25.85
2021-07-16,27.7,2843200,28.15,28.3,27.7
2021-07-15,28.0,3686300,28.1,28.25,27.65
2021-07-14,28.25,4354900,27.85,28.85,27.85
2021-07-13,27.85,2816200,27.1,27.85,27.1
2021-07-12,27.0,6542100,28.0,28.7,26.1
2021-07-09,28.0,5021600,29.45,29.55,28.0
2021-07-08,29.9,3603700,30.3,30.5,29.4
2021-07-07,30.9,5457900,29.5,30.9,29.15
2021-07-06,29.5,6092700,30.4,30.4,29.5
2021-07-05,29.5,6375300,31.7,31.7,29.5
2021-07-02,31.7,2781500,31.85,31.9,31.7
2021-07-01,31.8,3093100,32.0,32.2,31.65
2021-06-30,31.75,6521500,31.85,32.8,31.75
2021-06-29,31.7,2417000,31.95,31.95,31.6
2021-06-28,31.8,2856800,31.95,31.95,31.5
2021-06-25,31.6,3583400,32.1,32.2,31.6
2021-06-24,32.0,3112800,31.5,32.0,31.45
2021-06-23,31.5,3755900,31.45,32.25,31.4
2021-06-22,31.5,3411300,32.0,32.3,31.5
2021-06-21,31.8,4194500,32.05,32.4,31.7
2021-06-18,32.5,4117900,33.25,33.25,32.05
2021-06-17,32.85,5670600,32.5,33.15,32.1
2021-06-16,32.8,5055400,32.85,33.4,32.5
2021-06-15,32.85,5436900,31.95,32.9,31.95
2021-06-14,31.95,6417700,31.6,32.5,31.5
2021-06-11,31.5,4273200,31.1,31.8,31.0
2021-06-10,30.8,5139200,31.5,31.9,30.8
2021-06-09,31.7,7480400,31.6,32.0,30.9
2021-06-08,31.65,8044700,33.0,33.5,31.65
2021-06-07,33.35,9584700,32.6,33.7,32.6
2021-06-04,32.2,14241700,30.5,32.5,30.4
2021-06-03,30.5,8184300,30.1,30.7,29.7
2021-06-02,30.1,4443800,30.8,30.8,30.0
2021-06-01,30.7,6032600,29.2,30.9,29.1
2021-05-31,29.4,8050500,30.0,30.1,29.3
2021-05-28,30.55,6456400,30.7,30.7,30.0
2021-05-27,30.75,4995200,31.2,31.25,30.45
2021-05-26,31.25,5261200,31.0,31.45,30.7
2021-05-25,31.2,7140900,30.95,31.45,30.6
2021-05-24,30.85,5061400,30.45,31.15,30.4
2021-05-21,30.35,6579600,29.5,30.5,29.0
2021-05-20,29.5,7526000,29.5,29.55,28.8
2021-05-19,29.35,12028000,30.0,30.4,29.0
2021-05-18,30.0,6236900,30.8,31.1,30.0
2021-05-17,30.7,5595900,30.7,31.7,30.7
2021-05-14,30.65,4716600,31.1,31.2,30.65
2021-05-13,30.9,4782600,31.2,31.3,30.9
2021-05-12,31.2,3752800,31.0,31.5,30.8
2021-05-11,31.0,5114700,31.9,31.9,31.0
2021-05-10,31.75,8658400,30.5,31.95,30.4
2021-05-07,31.0,5678000,31.3,31.6,30.8
2021-05-06,31.2,5084700,31.95,32.35,31.2
2021-05-05,31.6,9862900,31.3,32.0,31.3
2021-05-04,31.3,7193500,31.5,31.65,30.5
2021-04-29,32.0,5847200,31.9,32.45,31.55
2021-04-28,31.5,7556200,31.0,31.75,30.8
2021-04-27,30.6,6825200,31.15,31.35,30.55
2021-04-26,31.15,11318300,33.0,33.0,31.15
2021-04-23,32.8,8772400,32.5,33.0,32.2
2021-04-22,32.2,7978600,34.6,35.2,32.2
2021-04-20,34.6,13595800,34.2,36.1,34.15
2021-04-19,33.95,4122400,33.8,34.2,33.0
2021-04-16,33.95,6772000,33.8,34.45,32.8
2021-04-15,34.0,6016800,35.3,35.3,34.0
2021-04-14,35.0,5803300,35.1,35.25,34.65
2021-04-13,35.3,11697800,35.8,36.8,35.3
2021-04-12,35.3,5452100,35.0,35.4,34.9
2021-04-09,35.0,5329800,35.2,35.4,35.0
2021-04-08,35.3,5971100,35.7,35.7,35.1
2021-04-07,35.4,6779600,35.1,35.5,34.8
2021-04-06,35.0,8548000,34.5,35.45,34.4
2021-04-05,34.5,6891100,35.5,35.5,34.0
2021-04-02,33.85,4192100,34.2,34.5,33.75
2021-04-01,33.85,5486600,32.7,33.9,32.7
2021-03-31,32.7,4520600,32.6,33.0,32.6
2021-03-30,32.6,5262800,33.05,33.15,32.5
2021-03-29,33.05,4460500,32.5,33.25,32.2
2021-03-26,32.2,6718200,32.5,32.75,31.2
2021-03-25,32.85,5291700,33.4,33.7,32.7
2021-03-24,33.4,5717400,33.6,34.0,33.0
2021-03-23,34.15,4290000,34.6,34.6,34.0
2021-03-22,34.6,4091000,34.7,35.0,34.5
2021-03-19,34.0,9786500,34.9,35.45,34.0
2021-03-18,35.0,3154200,35.3,35.4,34.8
2021-03-17,34.85,5558500,34.9,35.4,34.8
2021-03-16,34.8,5860500,34.6,35.15,34.5
2021-03-15,34.45,3034700,34.35,34.65,34.3
2021-03-12,34.65,3713000,34.35,34.8,34.35
2021-03-11,34.35,2683500,34.5,34.7,34.25
2021-03-10,34.15,3109000,34.1,34.5,34.0
2021-03-09,34.1,3258000,34.1,34.5,33.6
2021-03-08,34.45,4501400,35.0,35.2,34.2
2021-03-05,34.55,4886800,34.2,34.95,33.1
2021-03-04,34.55,3774600,35.9,35.9,34.0
2021-03-03,35.5,6916300,34.6,36.0,34.1
2021-03-02,34.7,6292000,35.0,35.2,34.3
2021-03-01,34.25,5383600,33.7,34.4,33.4
2021-02-26,33.2,5168300,33.2,33.6,33.0
2021-02-25,33.75,4225800,34.1,34.15,33.35
2021-02-24,33.7,5262900,34.5,34.8,33.0
2021-02-23,34.4,4783700,34.2,34.6,34.1
2021-02-22,34.15,4038700,34.5,34.9,34.0
2021-02-19,34.5,4599200,34.4,35.1,34.1
2021-02-18,34.85,7076500,33.9,34.85,33.0
2021-02-17,33.75,5097100,31.9,33.75,31.65
2021-02-09,31.55,6417300,31.55,32.0,30.1
2021-02-08,30.9,10110300,30.9,32.7,30.45
2021-02-05,32.7,3746700,32.6,33.0,32.45
2021-02-04,32.6,4110300,33.1,33.8,32.5
2021-02-03,33.1,5472800,32.1,33.85,31.95
2021-02-02,31.95,8546600,29.8,32.0,28.7
2021-02-01,30.0,7498800,32.0,32.05,30.0
2021-01-29,32.05,13579200,29.85,33.6,29.85
2021-01-28,32.05,3181000,32.05,32.2,32.05
2021-01-27,34.45,6401900,36.0,36.5,34.45
2021-01-26,37.0,3655500,37.8,37.9,35.8
2021-01-25,37.8,6559800,36.9,38.3,36.6
2021-01-22,36.9,7256800,36.6,37.75,36.35
2021-01-21,36.6,6989100,36.8,37.0,35.9
2021-01-20,36.8,6873100,36.9,37.35,35.0
2021-01-19,37.3,7316800,37.05,37.3,34.75
2021-01-18,37.35,5151900,37.0,37.95,36.9
2021-01-15,36.7,3366600,36.7,37.0,36.4
2021-01-14,36.6,7599400,36.2,37.0,35.3
2021-01-13,36.2,7540500,36.7,37.15,35.0
2021-01-12,36.7,8633100,37.3,37.3,36.2
2021-01-11,37.15,8820500,35.5,37.3,35.4
2021-01-08,35.5,11122400,34.3,36.25,34.3
2021-01-07,33.9,8942200,33.2,33.9,33.0
2021-01-06,33.2,9706700,33.85,33.9,33.05
2021-01-05,33.3,11968500,31.65,33.5,31.5
2021-01-04,31.65,9299700,31.5,32.45,31.4
2020-12-31,31.4,4650930,31.5,31.5,31.2
2020-12-30,31.35,5264090,31.35,32.05,31.1
2020-12-29,31.65,11628180,30.45,31.8,30.25
2020-12-28,30.45,8216210,30.7,30.85,30.05
2020-12-25,30.45,5682560,29.9,30.6,29.55
2020-12-24,29.95,8896890,30.65,30.8,28.6
2020-12-23,30.6,11225570,30.35,31.35,30.1
2020-12-22,30.3,6311760,30.3,30.35,30.05
2020-12-21,30.4,9988310,30.35,30.65,29.95
2020-12-18,30.15,11949250,29.75,30.35,29.65
2020-12-17,29.75,10318500,30.05,30.4,29.3
2020-12-16,30.5,7472860,30.1,30.5,29.85
2020-12-15,30.1,13985630,30.2,30.85,29.8
2020-12-14,30.0,17930230,29.1,30.0,29.05
2020-12-11,28.6,4662730,28.2,28.6,28.1
2020-12-10,28.2,8047670,28.6,28.85,28.15
2020-12-09,28.4,6858420,28.25,28.5,28.0
2020-12-08,28.2,3897220,28.5,28.5,28.05
2020-12-07,28.3,3617660,28.3,28.3,27.85
2020-12-04,28.0,3862410,28.4,28.4,28.0
2020-12-03,28.4,4665780,28.65,28.7,28.4
2020-12-02,28.5,8746400,28.2,28.65,28.1
2020-12-01,28.25,5323260,27.8,28.3,27.6
2020-11-30,28.2,7187400,27.95,28.4,27.4
2020-11-27,27.75,5764680,27.9,28.0,27.55
2020-11-26,27.9,3159210,28.0,28.1,27.7
2020-11-25,28.25,7359970,28.25,28.65,28.1
2020-11-24,27.95,5644640,27.75,28.1,27.7
2020-11-23,27.7,3107690,27.65,27.85,27.5
2020-11-20,27.65,4545570,27.9,28.05,27.55
2020-11-19,27.9,5850430,27.5,27.9,27.4
2020-11-18,27.5,4157080,27.2,27.5,27.1
2020-11-17,27.2,3123270,27.0,27.2,26.85
2020-11-16,26.85,7499050,27.4,27.45,26.7
2020-11-13,27.2,3342520,27.05,27.3,27.05
2020-11-12,27.2,4053560,26.5,27.2,26.5
2020-11-11,26.5,6068410,26.7,26.85,26.5
2020-11-10,26.7,11450730,26.6,27.05,26.4
2020-11-09,26.1,3348800,25.95,26.2,25.6
2020-11-06,25.6,4216020,26.1,26.15,25.55
2020-11-05,26.1,3486910,26.1,26.5,25.95
2020-11-04,25.95,6336210,25.65,26.3,25.65
2020-11-03,25.55,3819800,25.7,25.8,25.5
2020-11-02,25.5,2991300,25.45,25.6,25.3
2020-10-30,25.3,4960340,26.0,26.0,25.05
2020-10-29,25.6,6800730,25.5,25.9,25.05
2020-10-28,25.5,10448220,26.8,26.95,25.5
2020-10-27,27.0,3868780,27.7,27.9,27.0
2020-10-26,27.75,6877050,29.0,29.0,27.75
2020-10-23,28.35,12351650,28.3,28.35,28.1
2020-10-22,28.1,3669560,27.8,28.1,27.55
2020-10-21,27.9,8229920,27.45,28.25,27.45
2020-10-20,27.45,1879310,27.35,27.6,27.25
2020-10-19,27.35,1906100,27.5,27.5,27.2
2020-10-16,27.5,3583650,27.8,27.9,27.45
2020-10-15,27.6,4181580,27.5,27.7,27.35
2020-10-14,27.35,2100870,27.2,27.45,27.2
2020-10-13,27.2,3015800,27.3,27.4,27.15
2020-10-12,27.1,3884690,27.8,28.0,27.1
2020-10-09,27.65,2199660,27.65,27.75,26.5
2020-10-08,27.65,1434220,28.0,28.0,27.55
2020-10-07,27.8,3198050,27.5,27.95,27.5
2020-10-06,27.5,2135800,27.4,27.6,27.4
2020-10-05,27.4,2015400,27.4,27.8,27.35
2020-10-02,27.3,2548820,27.8,27.95,26.5
2020-10-01,27.7,2154130,27.8,27.9,27.6
2020-09-30,27.6,1592150,27.45,27.95,27.25
2020-09-29,27.45,2615690,27.9,28.1,27.4
2020-09-28,27.8,5930960,28.4,28.45,27.55
2020-09-25,28.4,1575590,28.6,28.65,28.1
2020-09-24,28.6,1520670,29.1,29.15,28.5
2020-09-23,29.1,3321440,28.7,29.15,28.7
2020-09-22,28.7,1850880,28.6,28.9,28.6
2020-09-21,28.95,3737470,28.85,29.15,28.6
2020-09-18,28.5,4092340,28.25,28.5,28.2
2020-09-17,28.3,2612410,28.7,28.9,28.2
2020-09-16,28.9,2160180,28.9,29.05,28.75
2020-09-15,28.9,3075490,28.7,29.1,28.45
2020-09-14,28.6,2698460,28.5,28.6,28.35
2020-09-11,28.4,1804860,28.4,28.45,28.15
2020-09-10,28.4,1690620,28.5,28.75,28.3
2020-09-09,28.4,2278700,27.9,28.45,27.9
2020-09-08,28.3,3048220,27.7,28.4,27.55
2020-09-07,27.7,3909430,28.6,28.6,27.7
2020-09-04,28.5,6098320,27.7,28.7,27.7
2020-09-03,28.1,5266810,27.6,28.5,27.35
2020-09-01,27.25,1944470,27.0,27.3,26.8
2020-08-31,27.0,4262760,27.6,27.65,26.7
2020-08-28,27.2,2457850,27.2,27.4,27.1
2020-08-27,27.2,2077020,27.2,27.65,27.1
2020-08-26,27.2,2204070,26.95,27.35,26.85
2020-08-25,26.95,2680420,27.0,27.2,26.9
2020-08-24,26.9,5011510,26.7,27.3,26.65
2020-08-21,26.5,1798160,26.45,26.65,26.3
2020-08-20,26.35,2174600,26.35,26.8,26.2
2020-08-19,26.35,1699080,26.2,26.6,26.2
2020-08-18,26.1,1947050,26.4,26.7,26.1
2020-08-17,26.5,1724700,26.5,26.8,26.25
2020-08-14,26.85,3089240,26.85,27.3,26.65
2020-08-13,26.85,2594130,26.4,27.0,26.3
2020-08-12,26.4,1764760,26.5,26.55,26.15
2020-08-11,26.3,1512750,26.7,26.8,26.3
2020-08-10,26.65,1680830,26.5,26.95,26.5
2020-08-07,26.4,1257020,26.4,26.55,26.1
2020-08-06,26.35,2096050,26.2,26.75,26.1
2020-08-05,26.35,2154970,26.05,26.7,25.9
2020-08-04,26.3,1602220,26.2,26.35,25.9
2020-08-03,25.65,1872110,25.15,25.9,25.15
2020-07-31,25.1,2333650,25.3,26.05,25.1
2020-07-30,25.95,1069550,25.85,26.15,25.7
2020-07-29,25.55,2635930,26.4,26.4,25.3
2020-07-28,27.2,4480940,27.0,27.3,25.9
2020-07-27,26.8,3211440,26.1,27.5,26.1
2020-07-24,27.95,4730110,27.9,28.15,27.0
2020-07-23,28.3,7249850,27.0,28.3,27.0
2020-07-22,26.95,2251420,26.6,27.25,26.6
2020-07-21,26.3,1725630,26.25,26.55,26.15
2020-07-20,26.2,1258900,26.2,26.85,26.2
2020-07-17,26.85,720820,27.0,27.2,26.85
2020-07-16,27.3,1270920,26.95,27.3,26.75
2020-07-15,26.7,1502410,26.5,27.0,26.5
2020-07-14,26.4,1938730,26.4,26.7,26.05
2020-07-13,26.5,2291640,27.05,27.35,26.5
2020-07-10,27.05,947980,27.35,27.55,26.95
2020-07-09,27.55,1903220,27.55,27.75,27.25
2020-07-08,27.45,939580,27.3,27.5,27.05
2020-07-07,27.45,4346450,27.2,27.8,27.05
2020-07-06,27.1,3101080,26.5,27.2,26.45
2020-07-03,26.5,2328550,26.2,26.65,26.2
2020-07-02,26.2,951820,26.4,26.4,25.85
2020-07-01,26.45,1469010,24.8,26.5,24.8
2020-06-30,24.8,1700630,25.65,26.15,24.8
2020-06-29,25.4,2156880,26.2,26.2,25.0
2020-06-26,26.2,1867820,26.6,26.75,26.0
2020-06-25,26.5,2133290,26.5,26.8,26.3
2020-06-24,26.85,1391660,27.3,27.7,26.85
2020-06-23,27.2,1019600,27.6,27.6,27.1
2020-06-22,27.6,1559410,27.8,28.0,27.4
2020-06-19,27.8,3677760,27.5,27.8,26.7
2020-06-18,27.55,1681240,27.5,27.65,26.35
2020-06-17,27.5,3148000,27.35,27.85,27.1
2020-06-16,26.75,3097330,25.5,26.75,25.3
2020-06-15,25.0,2056490,26.0,26.4,25.0
2020-06-12,25.9,2529890,25.3,25.9,25.0
2020-06-11,26.1,4725660,27.9,27.95,26.1
2020-06-10,27.95,2119900,27.6,28.0,27.2
2020-06-09,27.9,2864250,28.35,28.6,27.8
2020-06-08,28.6,2826530,28.8,28.9,28.25
2020-06-05,28.45,2162490,28.4,28.8,28.0
2020-06-04,28.4,2839030,28.3,28.85,28.3
2020-06-03,28.1,3342330,27.4,28.1,27.1
2020-06-02,27.6,2909480,27.55,28.0,27.3
2020-06-01,27.8,3992550,28.0,28.05,27.65
2020-05-29,27.5,7822570,26.9,28.2,26.55
2020-05-28,26.9,6481940,25.55,27.0,25.5
2020-05-27,25.5,7074630,26.6,26.65,25.5
2020-05-26,26.5,3969390,26.6,26.8,26.25
2020-05-25,26.2,3774990,25.7,26.65,25.3
2020-05-22,25.8,5938130,26.0,26.1,25.5
2020-05-21,26.3,5046470,26.6,27.25,26.0
2020-05-20,26.55,6793800,24.8,26.55,24.8
2020-05-19,24.9,8313560,25.0,25.8,24.6
2020-05-18,24.55,2597120,24.2,24.7,24.05
2020-05-15,24.1,2262600,24.4,24.75,24.1
2020-05-14,24.05,3952220,24.2,24.35,23.9
2020-05-13,24.5,4037060,25.0,25.1,24.5
2020-05-12,25.25,3654270,25.0,25.4,24.95
2020-05-11,25.45,3515430,25.45,25.65,24.8
2020-05-08,25.3,4038610,25.0,25.9,25.0
2020-05-07,24.8,2518450,25.1,25.2,24.65
2020-05-06,25.0,5201410,23.8,25.0,23.55
2020-05-05,23.55,2480820,23.5,23.85,23.5
2020-05-04,23.45,1757720,22.8,23.75,22.8
2020-04-29,23.1,2661700,23.1,23.35,22.6
2020-04-28,22.75,3988030,23.5,23.75,22.3
2020-04-27,23.5,3418720,24.2,24.2,23.45
2020-04-24,24.0,1639110,24.4,24.4,23.5
2020-04-23,24.1,3095130,24.4,24.65,23.6
2020-04-22,23.55,5280770,22.8,25.0,22.8
2020-04-21,24.4,2804830,25.8,25.9,24.4
2020-04-20,26.2,2326300,26.5,26.5,25.8
2020-04-17,26.5,4348970,26.5,27.2,26.2
2020-04-16,26.5,2924260,25.65,26.5,25.35
2020-04-15,26.1,2686900,26.3,26.7,25.65
2020-04-14,26.2,3054710,25.45,27.2,24.8
2020-04-13,25.45,2382640,23.7,25.45,23.7
2020-04-10,23.8,2027970,23.7,24.0,23.0
2020-04-09,23.7,4761190,22.3,24.05,22.3
2020-04-08,22.5,3361700,21.9,22.5,21.3
2020-04-07,22.3,3715760,21.5,22.3,21.1
2020-04-06,20.85,4515950,19.95,20.85,19.85
2020-04-03,19.5,2522290,19.4,19.7,18.9
2020-04-01,19.25,930870,19.0,19.7,18.1
2020-03-31,19.15,3565970,18.7,20.3,18.55
2020-03-30,19.0,2275750,19.0,19.25,19.0
2020-03-27,20.4,5480540,19.4,20.4,18.6
2020-03-26,20.0,4553180,18.5,20.2,18.0
2020-03-25,18.9,4747820,18.3,18.9,16.9
2020-03-24,17.7,6890560,17.7,18.0,17.7
2020-03-23,19.0,401880,19.2,19.45,19.0
2020-03-20,20.4,2758320,21.9,21.9,20.4
2020-03-19,21.9,2175340,21.0,22.0,20.7
2020-03-18,22.1,1935850,22.0,22.3,21.25
2020-03-17,22.1,2066890,22.1,22.7,22.05
2020-03-16,23.7,1752440,24.5,24.5,22.55
2020-03-13,24.2,4742820,22.55,24.3,22.55
2020-03-12,24.2,2976280,24.2,24.95,24.2
2020-03-11,26.0,4211430,26.4,26.4,24.6
2020-03-10,26.4,3031510,25.3,26.95,25.15
2020-03-09,26.55,2164550,26.75,27.5,26.55
2020-03-06,28.5,805500,28.7,28.7,28.2
2020-03-05,28.6,859920,28.65,29.0,28.6
2020-03-04,28.45,966120,28.3,28.5,28.1
2020-03-03,28.45,1767430,29.05,29.05,28.45
2020-03-02,28.55,929150,28.5,28.95,28.2
2020-02-28,28.5,1824830,28.5,28.8,28.05
2020-02-27,29.0,1254940,28.85,29.1,28.75
2020-02-26,29.0,1028780,29.0,29.5,28.75
2020-02-25,29.2,1014900,29.0,29.45,28.8
2020-02-24,29.35,1391850,29.1,30.4,29.1
2020-02-21,30.7,697440,30.7,30.9,30.7
2020-02-20,30.9,1626950,30.55,30.9,30.3
2020-02-19,30.15,1562980,30.5,30.55,29.8
2020-02-18,30.55,1019810,31.3,31.5,30.5
2020-02-17,31.4,562430,31.8,31.8,31.2
2020-02-14,31.75,1388080,31.45,32.2,31.3
2020-02-13,31.45,862410,31.0,31.45,31.0
2020-02-12,31.25,982950,31.85,31.85,31.25
2020-02-11,31.4,2573890,31.0,31.65,30.5
2020-02-10,31.1,611640,31.5,31.5,31.0
2020-02-07,32.0,2423940,31.05,32.25,30.8
2020-02-06,30.95,3660600,30.95,30.95,28.8
2020-02-05,28.95,2036300,30.2,30.2,28.8
2020-02-04,29.25,2239180,29.7,30.15,28.7
2020-02-03,30.2,1977600,30.2,30.3,27.95
2020-01-31,30.05,2322570,30.95,31.3,30.05
2020-01-30,30.95,2002220,32.0,32.1,30.7
2020-01-22,32.6,932500,32.5,32.8,32.3
2020-01-21,32.6,908080,32.0,32.7,32.0
2020-01-20,32.0,1070940,32.4,32.45,31.85
2020-01-17,32.6,872560,33.15,33.15,32.5
2020-01-16,32.8,979630,33.7,33.7,32.75
2020-01-15,33.2,549700,33.8,33.8,33.2
2020-01-14,33.75,562730,33.85,34.0,33.75
2020-01-13,33.75,417280,34.0,34.0,33.6
2020-01-10,33.95,543040,34.0,34.1,33.55
2020-01-09,34.0,1054800,33.35,34.0,33.3
2020-01-08,32.7,919210,33.4,33.5,32.6
2020-01-07,33.95,356780,33.65,33.95,33.6
2020-01-06,33.65,682790,34.5,34.5,33.5
2020-01-03,34.6,1272890,34.3,34.65,34.1
2020-01-02,34.35,581190,33.8,34.45,33.8
2019-12-31,34.0,413340,34.0,34.4,33.95
2019-12-30,34.5,1120550,33.6,34.5,33.1
2019-12-27,33.4,957140,33.0,33.55,32.9
2019-12-26,33.3,872120,32.75,33.4,32.75
2019-12-25,32.8,428030,32.7,32.9,32.7
2019-12-24,32.9,1443630,32.8,33.0,32.5
2019-12-23,32.9,1520710,33.0,33.0,32.6
2019-12-20,32.95,1315280,32.7,33.2,32.4
2019-12-19,32.4,1770250,31.95,32.6,31.85
2019-12-18,31.95,3833930,32.9,33.05,31.8
2019-12-17,32.9,1271430,33.9,34.0,32.9
2019-12-16,33.9,1612070,33.55,34.4,33.4
2019-12-13,33.55,2168220,35.0,35.0,33.55
2019-12-12,34.75,2639590,35.0,35.15,34.75
2019-12-11,35.0,5032820,34.9,35.1,34.65
2019-12-10,34.9,4703310,35.1,35.35,34.8
2019-12-09,35.2,7699110,34.7,35.2,34.6
2019-12-06,34.6,4736230,34.5,34.65,34.2
2019-12-05,34.5,6087130,34.35,34.75,34.15
2019-12-04,34.1,5914460,33.75,34.2,33.75
2019-12-03,34.0,4599360,33.65,34.2,33.5
2019-12-02,34.0,3357460,34.3,34.45,34.0
2019-11-29,34.45,5477090,33.6,34.45,33.4
2019-11-28,33.5,3992930,33.95,34.0,33.4
2019-11-27,33.95,3646360,34.0,34.2,33.9
2019-11-26,34.1,4996070,33.8,34.45,33.8
2019-11-25,33.8,3422460,34.5,34.7,33.5
2019-11-22,34.8,7310170,34.8,35.15,33.4
2019-11-21,35.0,4127820,35.1,35.15,34.8
2019-11-20,35.15,6273980,35.3,35.35,34.7
2019-11-19,35.3,6523420,35.2,35.55,35.15
2019-11-18,35.2,5992350,35.3,35.3,34.9
2019-11-15,35.2,6260710,35.2,35.45,34.95
2019-11-14,35.0,6503100,34.9,35.15,34.75
2019-11-13,34.7,5588650,34.7,34.95,34.45
2019-11-12,34.7,3146930,34.9,35.0,34.65
2019-11-11,34.7,2275720,34.8,35.2,34.6
2019-11-08,34.65,4070760,35.5,35.5,34.65
2019-11-07,35.2,3738230,35.25,35.75,35.0
2019-11-06,35.15,3878200,35.3,35.85,35.15
2019-11-05,35.6,4236650,35.0,35.8,34.95
2019-11-04,34.9,3544600,35.0,35.4,34.6
2019-11-01,35.05,9671220,33.2,35.3,33.2
2019-10-31,33.2,3552630,33.3,33.45,33.0
2019-10-30,33.25,3535150,32.7,33.35,32.65
2019-10-29,32.6,2276050,32.45,32.8,32.45
2019-10-28,32.45,1598210,32.6,32.65,32.2
2019-10-25,32.55,1701750,32.8,32.8,32.4
2019-10-24,32.7,2453760,32.4,32.7,32.3
2019-10-23,32.25,1900330,31.9,32.3,31.9
2019-10-22,31.9,1498800,32.0,32.15,31.9
2019-10-21,31.9,2854740,31.9,32.4,31.9
2019-10-18,31.9,2102750,31.85,32.05,31.85
2019-10-17,31.85,2083310,31.8,31.9,31.55
2019-10-16,31.85,1852420,31.85,32.1,31.8
2019-10-15,31.85,2352870,31.7,32.15,31.7
2019-10-14,31.7,3171090,32.3,32.35,31.55
2019-10-11,32.35,5124380,32.5,32.9,32.35
2019-10-10,32.4,3104270,32.1,32.5,32.1
2019-10-09,32.0,3326980,31.3,32.0,31.2
2019-10-08,31.25,2322130,31.7,31.7,31.2
2019-10-07,31.5,2033630,32.1,32.2,31.5
2019-10-04,31.9,3287400,32.1,32.45,31.85
2019-10-03,32.0,3700140,31.5,32.0,31.25
2019-10-02,32.0,3438710,32.5,32.55,32.0
2019-10-01,32.7,3408490,33.15,33.15,32.55
2019-09-30,33.1,2156270,33.25,33.55,33.05
2019-09-27,33.25,5894250,32.8,33.3,32.5
2019-09-26,32.75,4767290,33.6,33.65,32.75
2019-09-25,33.5,1712360,33.8,34.0,33.5
2019-09-24,33.8,1430510,33.8,34.15,33.6
2019-09-23,33.7,2513680,34.2,34.2,33.65
2019-09-20,33.95,3228690,34.2,34.4,33.95
2019-09-19,34.1,1320480,34.0,34.2,33.95
2019-09-18,33.95,2398990,34.25,34.6,33.95
2019-09-17,34.2,3170730,34.25,34.7,34.0
2019-09-16,34.0,1692510,34.25,34.3,33.95
2019-09-13,33.95,1552420,34.1,34.2,33.75
2019-09-12,33.95,917120,34.2,34.3,33.9
2019-09-11,33.95,965520,33.7,33.95,33.55
2019-09-10,33.7,1524460,34.0,34.15,33.7
2019-09-09,34.0,473980,34.1,34.3,34.0
2019-09-06,34.1,1372420,34.1,34.45,33.95
2019-09-05,34.1,995180,34.0,34.45,33.9
2019-09-04,34.0,1354920,34.25,34.3,33.85
2019-09-03,34.25,769960,34.5,34.8,34.25
2019-08-30,34.45,2365610,34.7,34.55,34.2
2019-08-29,34.35,1254640,34.7,34.7,34.1
2019-08-28,34.7,783780,34.55,34.95,34.55
2019-08-27,34.5,1289980,35.0,35.2,34.5
2019-08-26,34.9,1280630,34.7,35.05,34.55
2019-08-23,35.05,2330730,35.75,35.8,34.9
2019-08-22,35.75,1195690,36.2,36.25,35.75
2019-08-21,35.9,2251310,35.5,36.3,35.5
2019-08-20,35.6,1964560,35.4,35.85,35.1
2019-08-19,35.3,794450,35.5,35.5,35.25
2019-08-16,35.15,1346070,35.4,35.4,35.15
2019-08-15,35.4,1272570,34.25,35.4,34.25
2019-08-14,34.7,1313810,35.3,35.5,34.7
2019-08-13,34.9,1698060,35.45,35.45,34.85
2019-08-12,35.45,899890,35.4,35.6,35.25
2019-08-09,35.5,957540,34.7,35.9,35.45
2019-08-08,35.5,1611220,34.7,35.8,34.7
2019-08-07,34.7,1539740,35.1,35.3,34.4
2019-08-06,34.85,1767970,34.5,35.35,34.45
2019-08-05,35.0,2629870,36.25,36.3,35.0
2019-08-02,36.25,826290,36.4,36.85,36.25
2019-08-01,37.0,940850,37.0,37.2,36.8
2019-07-31,36.95,2277030,35.7,37.2,35.35
2019-07-30,35.85,2019080,36.75,36.8,35.85
2019-07-29,36.75,1882300,37.45,37.45,36.3
2019-07-26,37.4,926720,37.5,37.9,37.35
2019-07-25,37.5,1647720,37.4,37.95,37.3
2019-07-24,37.35,1677900,37.6,37.65,36.95
2019-07-23,37.3,1387220,36.5,37.4,36.5
2019-07-22,36.7,1403230,37.4,37.65,36.6
2019-07-19,37.4,2259580,36.7,37.4,36.8
2019-07-18,36.6,1658240,36.7,37.05,36.5
2019-07-17,37.0,1389990,36.75,37.4,36.75
2019-07-16,37.0,3265530,36.3,37.0,36.3
2019-07-15,36.25,1790970,36.55,36.65,35.6
2019-07-12,35.9,1898460,36.55,36.75,35.9
2019-07-11,36.45,1568950,36.2,36.45,36.1
2019-07-10,36.15,1284570,36.5,36.5,36.1
2019-07-09,36.4,2805310,35.5,36.5,35.45
2019-07-08,35.8,1692340,35.5,36.2,35.4
2019-07-05,35.75,3172840,34.8,35.75,34.8
2019-07-04,34.75,1722350,34.4,34.75,34.25
2019-07-03,34.3,759170,34.4,34.4,34.1
2019-07-02,34.6,1522440,34.6,34.7,34.1
2019-07-01,34.25,872830,34.25,34.4,34.1
2019-06-28,33.8,1226980,33.8,34.0,33.5
2019-06-27,33.75,1111580,33.75,34.35,33.75
2019-06-26,34.35,918020,34.35,34.4,34.15
2019-06-25,34.3,863690,34.5,34.7,34.25
2019-06-24,34.5,861360,34.5,35.0,34.4
2019-06-21,34.3,1961640,34.3,34.9,34.3
2019-06-20,34.9,914550,34.0,34.9,34.0
2019-06-19,34.0,655520,34.0,34.0,33.7
2019-06-18,33.5,1493030,34.0,34.1,33.35
2019-06-17,34.0,1079830,34.9,34.9,34.0
2019-06-14,34.9,593520,34.6,34.9,34.6
2019-06-13,34.7,598250,34.7,34.9,34.6
2019-06-12,34.95,900490,35.15,35.3,34.95
2019-06-11,35.2,1331330,35.15,35.65,35.05
2019-06-10,35.05,1738860,34.8,35.2,34.8
2019-06-07,34.75,844720,34.6,34.8,34.3
2019-06-06,34.45,896230,34.35,34.55,33.9
2019-06-05,34.35,676220,34.5,34.65,34.15
2019-06-04,34.3,970280,34.0,34.4,33.8
2019-06-03,33.8,1803890,34.25,34.65,33.8
2019-05-31,34.8,2071330,35.0,35.1,34.5
2019-05-30,35.0,1094030,34.95,35.3,34.5
2019-05-29,34.8,2330360,34.4,35.1,34.2
2019-05-28,34.6,1920160,35.3,35.35,34.5
2019-05-27,35.25,1049230,34.85,35.25,34.85
2019-05-24,35.0,2774230,35.25,35.7,34.8
2019-05-23,35.25,1688590,35.5,35.85,35.2
2019-05-22,35.8,1126920,35.8,36.35,35.75
2019-05-21,36.0,1863050,36.3,36.3,35.9
2019-05-20,36.15,1340870,36.0,36.5,35.6
2019-05-17,36.0,3878080,36.0,36.55,36.0
2019-05-16,35.5496,4834930,35.64673005464481,36.22951038251366,35.5496
2019-05-15,35.5496,2555920,35.25820983606557,35.84099016393442,35.112514754098356
2019-05-14,34.9668,1447500,34.67541,35.25818999999999,34.67541
2019-05-13,34.9668,1843190,34.238324999999996,35.16106,34.238324999999996
2019-05-10,34.3355,1571780,34.286934936350775,34.67545544554456,33.80128429985856
2019-05-09,34.0926,913060,34.18972991452991,34.38398974358974,33.898340170940166
2019-05-08,34.0926,1476590,33.70408034188034,34.23829487179487,33.60695042735043
2019-05-07,34.0926,1143530,34.38398974358974,34.77250940170939,33.99547008547008
2019-05-06,34.1898,1798750,34.09266988636363,34.77258068181818,33.99553977272727
2019-05-03,35.0639,5455180,35.40385470914127,35.840939335180046,34.86964016620498
2019-05-02,35.4039,2626910,35.45246502057613,35.45246502057613,34.86968477366255
2019-04-26,34.9668,3071980,33.9955,34.9668,33.9955
2019-04-25,34.1412,1580250,34.57828506401138,34.57828506401138,33.89837496443812
2019-04-24,34.384,1576360,33.9954802259887,34.384,33.89835028248588
2019-04-23,33.7041,2128550,32.87849524495677,34.14118487031699,32.82993025936599
2019-04-22,32.8785,966920,32.63567503692762,33.02419497784343,32.63567503692762
2019-04-19,32.9271,683530,33.16992522123894,33.36418539823009,32.878534955752215
2019-04-18,32.9271,1830550,32.63570973451328,33.36418539823009,32.44144955752213
2019-04-17,32.6357,1854430,33.02422023809524,33.26704538690476,32.53856994047619
2019-04-16,33.0242,2634720,33.0242,33.31559,32.44142
2019-04-12,33.9469,1032540,33.315555650929895,34.04402989985693,33.315555650929895
2019-04-11,33.8012,650930,34.28684942528736,34.3354143678161,33.6555051724138
2019-04-10,33.9955,2632930,33.50985,34.18976,33.169895
2019-04-09,33.607,3127600,35.16108092485549,35.209645953757224,33.41273988439306
2019-04-08,34.7725,1168690,34.7725,35.161019553072634,34.38398044692738
2019-04-05,34.7725,1466970,34.821064944134086,35.20958449720671,34.626805167597766
2019-04-04,34.4812,1858440,34.4812,35.11254591549296,34.28693971830986
2019-04-03,34.4812,2601580,34.67546028169014,34.869720563380284,34.14124450704225
2019-04-02,34.9668,3250020,35.35532,36.13236,34.86967
2019-04-01,35.0639,3530060,33.8012110803324,35.11246495844875,33.7040811634349
2019-03-29,33.607,4544300,33.07278468208092,34.238345375722545,32.82995953757225
2019-03-28,32.8299,1706660,32.6842051775148,33.26698446745563,32.538510355029594
2019-03-27,32.9756,2343980,32.247125773195876,33.412684536082466,31.761476288659793
2019-03-26,31.9558,3098380,32.927100911854104,32.927100911854104,31.033064133738602
2019-03-25,32.3929,5659310,33.02424587706147,33.315636281859064,31.615858920539722
2019-03-22,33.9955,2962930,34.28688999999999,34.48115,33.80123999999999
2019-03-21,33.5099,3612740,35.112547391304346,35.598198115942026,33.5099
2019-03-20,35.1125,4855120,36.03523513139696,36.13236514522822,34.675414937759335
2019-03-19,36.618,1903060,36.9093899204244,37.0550848806366,35.938090185676394
2019-03-18,36.9094,1512670,36.9094,37.39505,36.52088
2019-03-15,36.4238,2999450,36.812320533333335,36.909450666666665,35.9867144
2019-03-14,36.9094,4400440,36.71514,38.803435,36.61801
2019-03-13,36.7151,4918140,35.79236600529101,36.81222989417989,35.74380105820106
2019-03-12,35.6467,3752290,34.57827029972752,35.74382997275204,34.57827029972752
2019-03-11,34.4812,2248780,33.509898591549295,34.4812,33.26707323943662
2019-03-08,33.7041,1264280,33.55840504322766,34.18974985590778,33.50984005763688
2019-03-07,33.9955,2793560,33.9955,34.432585,33.41271999999999
2019-03-06,33.5099,1289640,33.218509565217396,33.5099,32.82998898550724
2019-03-05,33.2185,2071350,33.02423976608187,33.60702046783626,32.927109649122805
2019-03-04,33.3642,1639580,33.02424454148471,33.70415545851528,33.02424454148471
2019-03-01,33.0242,1236900,32.489985000000004,33.0242,32.24716000000001
2019-02-28,32.0529,4831010,33.072765,33.41272,32.0529
2019-02-27,33.5099,1418370,33.89842057971014,34.189811014492754,33.461334927536235
2019-02-26,33.5099,2184700,32.82998898550724,33.80129043478261,32.34433826086956
2019-02-25,32.9271,3408000,34.57831150442478,34.772571681415926,32.247189380530976
2019-02-22,33.9955,4170500,33.31558999999999,34.918235,33.0242
2019-02-21,33.0242,3820470,31.0816,33.0242,31.033035
2019-02-20,31.1787,1960580,30.69305046728972,31.421524766355137,30.69305046728972
2019-02-19,30.6931,3160210,30.741665031645567,31.37301044303797,30.450274841772153
2019-02-18,30.7416,1364860,30.013126066350708,30.79016492890995,30.013126066350708
2019-02-15,30.0617,1853120,30.255959773828753,30.59591437802908,29.964570113085625
2019-02-14,30.596,2560640,29.81895873015873,30.596,29.576133333333335
2019-02-13,29.5275,1989390,28.944720394736844,29.624629934210528,28.89615542763158
2019-02-12,28.8476,2751810,28.8476,29.624639730639732,28.459080134680136
2019-02-11,28.5562,844700,28.5562,28.604764965986394,28.313375170068028
2019-02-01,28.1677,1869640,28.36196,28.459090000000003,26.759315
2019-01-31,28.362,1650390,28.653390410958902,28.653390410958902,28.119174657534245
2019-01-30,28.4591,666640,28.60479505119454,28.60479505119454,28.31340494880546
2019-01-29,28.5562,1013990,28.604764965986394,28.604764965986394,28.264810204081634
2019-01-28,28.4105,795190,28.36193504273504,28.55619487179487,28.36193504273504
2019-01-25,28.362,476020,28.313434931506848,28.5562602739726,28.264869863013697
2019-01-24,28.362,806970,27.924914383561642,28.847650684931505,27.924914383561642
2019-01-23,28.2648,574730,27.97341030927835,28.361929896907217,27.633455670103093
2019-01-22,28.1191,644870,28.45905457685665,28.65331433506045,28.07053506044905
2019-01-21,28.4591,470290,28.50766501706485,28.84762013651877,28.167709897610923
2019-01-18,28.4105,664540,29.13897435897436,29.72175384615385,28.4105
2019-01-17,29.2361,1081730,30.498788704318937,30.498788704318937,29.2361
2019-01-16,30.5474,1559790,30.5474,30.5474,29.818924642289346
2019-01-15,30.1103,1723800,29.478955,30.1103,29.33326
2019-01-14,29.479,1377450,29.139044481054366,29.479,28.944784184514003
2019-01-11,29.0419,1834420,28.604814548494982,29.139030100334445,28.604814548494982
2019-01-10,28.6048,1055420,28.264844821731753,28.653365025466893,28.167714770797964
2019-01-09,28.2163,2139870,26.80791325301205,28.313430120481925,26.80791325301205
2019-01-08,26.8079,687890,27.099290217391303,27.099290217391303,26.71076992753623
2019-01-07,27.0993,905730,27.196430107526883,27.682080645161292,27.050734946236563
2019-01-04,26.7108,982790,26.7108,27.002190545454546,25.933758545454545
2019-01-03,26.905,1247100,28.119124548736462,28.119124548736462,26.710740072202167
2019-01-02,27.9734,2061280,27.9734,28.556179166666666,27.584880555555554
2018-12-28,27.0993,2200470,28.36199139784946,28.459121505376345,27.0993
2018-12-27,28.362,2017410,29.041910958904108,29.041910958904108,28.264869863013697
2018-12-26,28.362,1015230,28.653390410958902,29.041910958904108,28.362
2018-12-25,28.9447,1121900,28.167661073825506,29.09039479865772,28.07053120805369
2018-12-24,28.799,561130,28.31335075885329,28.84756492411467,28.31335075885329
2018-12-21,28.4591,2017450,29.236140273037545,29.236140273037545,28.4591
2018-12-20,29.2361,1171150,29.916009302325584,30.304528903654486,29.2361
2018-12-19,30.2074,735120,30.59591961414791,30.790179421221865,30.2074
2018-12-18,30.6931,1241410,30.30457974683544,30.984490189873416,30.11031962025316
2018-12-17,31.0816,1643870,30.98447,31.372989999999998,30.887340000000002
2018-12-14,31.2759,1014790,31.761550621118012,31.761550621118012,31.2759
2018-12-13,31.7615,1262550,31.955759938837918,32.0043249235474,31.7615
2018-12-12,31.8586,1355590,31.56721036585366,31.8586,31.518645426829274
2018-12-11,31.5187,1487680,30.984484745762707,31.5187,30.984484745762707
2018-12-10,31.0816,2467410,31.858639999999998,31.858639999999998,30.98447
2018-12-07,32.0529,1466260,31.858639999999998,32.24716000000001,31.761510000000005
2018-12-06,32.0529,1892180,31.95577,32.15003,31.56725
2018-12-05,32.0043,2079660,31.51865053110774,32.1985597875569,31.324390743550833
2018-12-04,31.7615,3729070,30.887330275229356,32.2471498470948,30.790200305810394
2018-12-03,30.4503,2013330,29.81895406698564,30.644560287081337,29.81895406698564
2018-11-30,29.8189,1809290,30.30454983713355,30.69306970684039,29.8189
2018-11-29,30.3046,1953160,30.207469871794874,30.88738076923077,30.207469871794874
2018-11-28,30.1103,636790,29.91604,30.1103,29.81891
2018-11-27,29.916,1060950,30.207389610389612,30.49877922077922,29.916
2018-11-26,30.0617,718840,30.013135056542808,30.304524717285943,29.72174539579968
2018-11-23,29.916,883420,30.547344155844154,30.595909090909092,29.916
2018-11-22,30.4017,763390,30.93591517571885,31.03304520766773,30.4017
2018-11-21,30.6931,1678690,29.284714082278477,30.741665031645567,29.284714082278477
2018-11-20,29.7703,1445630,29.236085807504082,29.7703,29.187520880913542
2018-11-19,29.2847,707980,29.13900497512438,29.52752504145937,29.090439966832506
2018-11-16,29.139,946970,29.478955,29.62465,29.041869999999996
2018-11-15,29.5275,748760,29.138980263157897,29.5275,29.090415296052633
2018-11-14,29.1876,949010,29.13903494176373,29.624685524126456,29.13903494176373
2018-11-13,29.3333,878980,29.430430132450333,29.721820529801327,29.284734933774835
2018-11-12,30.0132,589610,29.72180970873787,30.0132,29.139029126213597
2018-11-09,29.9646,1613770,30.110294975688817,30.304554943273907,29.81890502431118
2018-11-08,30.1103,1763770,29.72178,30.49882,29.72178
2018-11-07,29.5275,914420,29.624629934210528,29.721759868421056,29.18754523026316
2018-11-06,29.5275,923790,30.110279605263162,30.110279605263162,29.43037006578948
2018-11-05,29.8189,1589870,28.653340390879478,30.01315993485342,28.459080456026058
2018-11-02,28.799,1679450,28.459045531197305,29.18751939291737,28.459045531197305
2018-11-01,28.4105,1140990,29.0904094017094,29.187539316239317,28.4105
2018-10-31,28.9447,3496330,28.167661073825506,28.9447,27.973401342281882
2018-10-30,27.3541,1240750,27.90911072463768,28.345190579710145,27.3541
2018-10-29,27.9091,1049850,27.750525568181814,29.693062357954545,27.591951136363633
2018-10-26,27.7505,1463430,28.781232857142854,28.82087642857143,27.7505
2018-10-25,28.2262,1559370,27.116180898876404,28.701922471910112,27.116180898876404
2018-10-24,28.702,1032200,29.01914917127072,29.57416022099447,28.702
2018-10-23,29.3363,1449810,29.4948745945946,29.732736486486488,28.54342702702703
2018-10-22,29.7327,1688340,29.8119872,30.366997599999998,29.7327
2018-10-19,29.3759,1825750,29.138038461538464,29.415543589743592,29.019107692307696
2018-10-18,29.4552,845260,29.811992462987888,30.01021049798116,29.336269179004038
2018-10-17,29.812,693600,29.812,30.12914893617021,29.732712765957444
2018-10-16,29.4948,926630,29.4948,29.57408709677419,29.177651612903222
2018-10-15,29.1777,1300920,30.168790353260874,30.20843396739131,29.1777
2018-10-12,30.1688,1991280,29.494858344283845,30.406661760841004,29.019134822601846
2018-10-11,29.6534,2931770,29.6534,30.921994652406422,29.5741128342246
2018-10-10,31.7149,1202700,31.31846375,31.7149,31.080602000000003
2018-10-09,31.1599,1084660,31.318474554707382,31.63562366412214,31.1599
2018-10-08,31.1599,1896850,32.11134732824428,32.269921882951664,31.1599
2018-10-05,32.5078,1852510,32.824949268292684,33.0628112195122,32.349225365853655
2018-10-04,33.0628,910650,32.90422541966427,33.1817309352518,32.8249381294964
2018-10-03,32.9042,1245730,32.111327710843376,33.22134891566265,32.111327710843376
2018-10-02,32.1113,1605930,32.507735802469135,32.66631012345679,32.1113
2018-10-01,32.3095,3307360,32.745579141104294,33.61773742331288,32.3095
2018-09-28,33.2213,4333370,32.50771599045346,33.2213,32.23021109785203
2018-09-27,32.5078,3614170,32.5078,33.0628112195122,32.30958170731707
2018-09-26,32.3095,3416900,31.556272392638036,32.705935582822086,31.31841104294479
2018-09-25,31.596,2167430,31.596,31.675287327478046,30.922057716436637
2018-09-24,31.3185,2168720,30.287764556962028,31.3185,30.208477215189873
2018-09-21,30.0102,6783680,29.891269220607665,30.366992338177013,29.891269220607665
2018-09-20,29.7724,838620,29.336319573901466,29.812043675099872,29.336319573901466
2018-09-19,29.3363,2059670,29.3363,30.129172972972974,29.019150810810814
2018-09-18,29.3363,1170780,29.4155872972973,29.4155872972973,29.177725405405404
2018-09-17,29.4948,840080,29.970522580645156,30.010166129032257,29.4551564516129
2018-09-14,30.0102,780380,29.891269220607665,30.129130779392337,29.653407661822985
2018-09-13,29.8913,605180,30.049874535809018,30.208449071618038,29.73272546419098
2018-09-12,30.0499,1076040,30.36704934036939,30.60491134564644,29.93096899736148
2018-09-11,30.367,1343810,29.970563968668408,30.525574412532638,29.851633159268932
2018-09-10,29.9309,1093140,29.89125642384106,30.010187152317883,29.336246357615895
2018-09-07,29.8516,1606460,28.979441699867195,29.89124355909695,28.979441699867195
2018-09-06,28.9795,1220580,29.336292749658003,29.574154582763338,28.979499999999998
2018-09-05,29.1777,1870870,29.9705722826087,30.12914673913044,29.1777
2018-09-04,30.0499,2123050,31.120279023746704,31.278853693931403,30.0499
2018-08-31,31.1995,1535530,31.6355794155019,31.6355794155019,31.199499999999997
2018-08-30,31.6752,943930,31.31840801001251,31.6752,31.31840801001251
2018-08-29,31.3977,1666850,31.714848484848485,31.714848484848485,31.31841287878788
2018-08-28,31.7545,1338450,31.87343071161049,32.11129213483146,31.714856429463172
2018-08-27,32.1113,1020030,32.468092222222225,32.507735802469135,32.03201283950617
2018-08-24,32.2699,1522280,32.38883083538083,32.82491056511056,32.19061277641277
2018-08-23,32.1906,1373150,31.71487684729064,32.66632315270936,31.635589655172414
2018-08-22,31.6752,883960,31.71484355444305,31.91306132665832,31.556269336670834
2018-08-21,31.3185,1032810,31.3185,31.477074683544306,31.12028164556962
2018-08-20,31.3185,758030,31.51671835443038,31.71493670886076,31.3185
2018-08-17,31.596,632150,31.714930991217063,32.071723964868255,31.556356336260976
2018-08-16,31.7149,1346100,31.358107374999996,31.754543624999997,31.358107374999996
2018-08-15,31.5563,865720,32.111310301507544,32.19059748743719,31.5563
2018-08-14,32.032,1299900,32.11128712871287,32.34914851485148,31.833782178217817
2018-08-13,31.8735,1104860,31.714925373134328,32.071718283582086,31.318488805970148
2018-08-10,31.8735,1402470,32.38886753731343,32.66637313432836,31.67528171641791
2018-08-09,32.5078,1384190,33.41960414634146,33.65746609756098,32.388869024390246
2018-08-08,33.4196,1362870,33.30066903914591,33.816036536180306,33.10245077105576
2018-08-07,33.3006,1033000,33.22131285714286,33.69703571428572,33.142025714285715
2018-08-06,33.3006,1858550,33.062738571428575,34.014184285714286,32.983451428571435
2018-08-03,32.9042,2372910,32.19061493975904,33.61778506024096,31.913109638554218
2018-08-02,31.7545,737700,32.468084269662924,32.468084269662924,31.675212858926344
2018-08-01,32.2699,858810,32.19061277641277,32.50776167076167,32.11132555282555
2018-07-31,32.1906,1817460,31.556302463054184,33.14204630541872,31.47701527093596
2018-07-30,31.5563,789770,31.714874371859302,31.79416155778895,31.31843844221106
2018-07-27,31.0806,854230,32.190621428571426,32.34919591836734,31.0806
2018-07-26,31.7942,1817100,32.5077855361596,32.5077855361596,31.59598179551122
2018-07-25,32.5078,903410,33.02316756097561,33.0628112195122,32.5078
2018-07-24,33.0231,741670,32.74559495798319,33.300605042016805,32.74559495798319
2018-07-23,33.1817,823830,33.1817,33.93492855436081,32.50775866188769
2018-07-20,33.3006,2968820,33.3006,33.69703571428572,32.66630285714287
2018-07-19,34.0935,1913300,34.01421279069767,34.0935,32.66633023255814
2018-07-18,34.0935,2647250,32.50775581395349,34.13314360465116,32.50775581395349
2018-07-17,32.032,1512280,30.208396039603958,32.032,29.891247524752476
2018-07-16,29.9706,1164760,29.33630158730159,30.208461904761908,28.900221428571435
2018-07-13,28.9398,614740,28.9398,29.098374246575347,28.820869315068496
2018-07-12,28.9398,870620,28.9398,29.177661369863014,28.305503013698633
2018-07-11,28.3055,1002400,28.424430672268905,28.70193557422969,27.750490196078427
2018-07-10,28.7813,572200,29.25702396694215,29.693104269972455,28.7813
2018-07-09,29.257,666540,28.93985094850949,30.089516260162608,28.93985094850949
2018-07-06,28.9398,1038790,28.860512876712328,29.970532602739723,28.583007945205477
2018-07-05,29.8516,640760,30.12910491367862,30.525540504648074,28.78122390438247
2018-07-04,30.6049,928320,30.04988886010363,30.763474611398962,29.33630310880829
2018-07-03,30.367,1347510,30.327356396866843,30.68414882506528,29.41555352480418
2018-07-02,30.6842,1154150,30.922062015503872,30.922062015503872,29.6534645994832
2018-06-29,30.7634,1982580,30.525538659793817,30.961617783505154,29.970528865979382
2018-06-28,30.2084,750120,31.23913280839895,31.318419947506563,30.2084
2018-06-27,31.477,445810,32.26987153652393,32.26987153652393,31.477
2018-06-26,32.2699,833120,31.71488943488943,32.2699,31.47702776412776
2018-06-25,32.3492,725800,33.300647058823536,33.300647058823536,32.3492
2018-06-22,31.7149,2029080,30.129155,31.7149,30.129155
2018-06-21,30.5256,1564770,32.19063272727273,32.19063272727273,30.5256
2018-06-20,32.1906,1244080,32.50774876847291,32.50774876847291,31.635589655172414
2018-06-19,31.6356,2291390,32.50775939849624,33.30063157894737,31.358094736842105
2018-06-18,33.3006,653810,35.36206571428572,35.59992714285715,33.3006
2018-06-15,35.6792,3948110,34.88632888888889,35.6792,34.80704177777778
2018-06-14,35.2828,658980,35.99638471910112,35.99638471910112,35.2828
2018-06-13,35.6792,703960,35.282764444444446,35.6792,35.04490311111112
2018-06-12,35.2828,1835490,35.36208719101124,35.798166741573034,34.88636404494382
2018-06-11,35.7585,1700470,35.282777161862526,36.472084257206205,35.282777161862526
2018-06-08,35.2828,1029530,35.599948764044946,35.83781033707866,35.0449384269663
2018-06-07,35.6792,1577590,36.07563555555556,36.86850666666667,35.6792
2018-06-06,35.9171,862170,36.154961589403975,36.31353598233996,35.56030761589404
2018-06-05,35.9171,770010,36.154961589403975,36.670328366445915,35.75852560706402
2018-06-04,36.155,1301620,36.075712719298245,36.313574561403506,35.44141447368421
2018-06-01,36.036,2668090,34.64847524752475,36.036,34.21239603960396
2018-05-31,34.0935,1631960,32.74561744186046,34.4106488372093,32.74561744186046
2018-05-30,33.3006,1113380,33.934897142857146,34.09347142857143,32.983451428571435
2018-05-29,34.0935,1616060,31.08058604651163,34.17278720930233,31.08058604651163
2018-05-28,31.9527,4710840,31.239116129032258,31.9527,30.208383870967747
2018-05-25,32.4285,2872130,34.72783129584352,34.80711858190709,32.15099449877751
2018-05-24,34.5692,2242270,34.80706146788991,35.28278440366973,34.410625688073395
2018-05-23,34.4899,2004030,34.09346436781609,34.4899,32.90415747126437
2018-05-22,34.0935,2855940,35.12423372093023,35.67924418604651,33.617776744186045
2018-05-21,35.3621,2166530,37.02713161434977,37.26499327354259,35.3621
2018-05-18,37.0271,1740510,37.18567430406852,37.18567430406852,36.07565417558886
2018-05-17,36.4721,1723590,36.4721,37.26497173913043,36.31352565217391
2018-05-16,36.4721,1437910,37.978556304347826,37.978556304347826,36.4721
2018-05-15,37.9786,2182670,38.8507599164927,38.930047181628396,37.8993127348643
2018-05-14,38.7318,2378110,36.55140184237462,38.7318,36.31354022517912
2018-05-11,36.2343,858310,35.28285229759299,36.392874617067825,35.28285229759299
2018-05-10,35.7585,1532550,35.7585,35.83778713968958,35.12420288248337
2018-05-09,35.7585,801110,36.472084257206205,36.472084257206205,35.7585
2018-05-08,36.3135,993570,37.1063711790393,37.18565829694323,36.3135
2018-05-07,37.1064,1779760,37.22533076923077,37.22533076923077,36.947825641025645
2018-05-04,37.0668,1853480,36.868581818181816,37.42359272727273,36.154996363636364
2018-05-03,36.71,7397000,36.71,37.66144708423327,35.52069114470842
2018-05-02,36.71,5343670,36.71,37.26501079913607,35.52069114470842
2018-04-27,36.71,1568390,36.63071274298056,37.106436285097196,35.996414686825055
2018-04-26,36.0757,2559440,38.09752494505494,38.09752494505494,35.59997648351648
2018-04-24,38.0579,1978120,35.52070666666666,38.295761875,35.441419375
2018-04-23,36.0757,1661040,36.0757,38.53360483516484,35.679263736263735
2018-04-20,38.0579,1434640,37.106452499999996,38.0579,36.868590624999996
2018-04-19,37.1064,2471560,38.21642051282052,38.77143076923077,37.1064
2018-04-18,38.0579,2055070,39.802220416666664,40.040082291666664,38.0579
2018-04-17,39.6436,1233470,40.19861040000001,40.436472,39.6039564
2018-04-16,40.1986,665980,39.8021641025641,40.5950358974359,39.56430256410256
2018-04-13,40.2779,789100,41.46720807086614,41.54649527559055,40.2779
2018-04-12,41.0708,2250890,40.43650193050193,41.62581081081081,40.198640154440156
2018-04-11,40.4365,2465650,42.02224509803922,42.02224509803922,40.4365
2018-04-10,42.0222,2853710,42.4186358490566,42.8150716981132,41.70505132075471
2018-04-09,42.4187,3921740,42.4187,43.05299831775701,42.1015508411215
2018-04-06,41.6258,3742930,38.850746666666666,41.70508723809524,38.850746666666666
2018-04-05,39.0093,1075160,39.24716158536586,39.643597560975614,39.0093
2018-04-04,39.2472,1132560,39.64363636363636,39.88149818181818,39.08862545454545
2018-04-03,39.5643,2078100,39.643587174348696,39.96073587174349,38.771428256513026
2018-04-02,39.5643,2006810,40.59503326653307,40.753607615230464,39.52465641282566
2018-03-30,40.5951,1682610,40.27795078125,40.753674609375004,39.8815142578125
2018-03-29,40.4365,1549830,40.75364901960785,40.75364901960785,39.32647843137255
2018-03-28,40.2779,710900,40.198612795275594,40.83291043307087,39.88146397637795
2018-03-27,39.8815,1625420,39.64363817097416,40.357223658051694,39.247201789264416
2018-03-26,38.5336,2399520,39.24718518518518,39.64362139917695,38.45431275720164
2018-03-23,39.5643,2521210,39.802161523046095,40.27788456913827,39.00928977955912
2018-03-22,41.0708,1412140,40.83293822393822,41.62581081081081,40.83293822393822
2018-03-21,40.8329,3173550,41.863633398058255,41.94292058252427,40.19860252427185
2018-03-20,41.8637,1240830,42.02227462121213,42.26013655303031,41.62583806818182
2018-03-19,42.0222,1745990,42.0222,42.49792301886792,41.387902641509434
2018-03-16,41.3879,15641390,41.3879,42.8943561302682,41.3879
2018-03-15,42.0222,6265540,42.18077433962264,43.21150754716981,40.83289245283019
2018-03-14,42.4187,4665300,44.32159495327103,44.559456822429915,42.26012542056075
2018-03-13,44.2423,5678180,44.40087455197133,44.40087455197133,43.528714516129035
2018-03-12,44.2423,5799900,44.2423,45.66947096774194,44.2423
2018-03-09,44.163,3884030,44.55943626570915,45.1937342908438,43.60798922800718
2018-03-08,44.163,2586890,43.60798922800718,44.40086175942549,43.21155296229802
2018-03-07,43.2908,2847760,44.004384615384616,44.48010769230769,42.81507692307692
2018-03-06,43.5287,3849780,41.942955009107465,43.5287,41.30865701275046
2018-03-05,40.7536,4686530,44.321522178988324,44.71795797665369,40.7536
2018-03-02,43.7665,3044310,43.13220289855072,44.004361413043476,43.13220289855072
2018-03-01,43.9251,3196120,43.21151534296029,44.00438718411552,42.815079422382674
2018-02-28,42.6565,5531320,42.81507434944238,44.321530669144984,42.6565
2018-02-27,43.5287,3097420,43.76656174863388,45.0351577413479,42.656540255009105
2018-02-26,43.608,5377610,42.81512727272727,43.76657454545454,41.784392727272724
2018-02-23,40.9122,3430070,39.64360465116279,40.9122,39.48503023255814
2018-02-22,39.5643,3575630,38.850715430861726,39.5643,38.850715430861726
2018-02-21,39.2472,2928020,39.64363636363636,39.64363636363636,38.61290181818182
2018-02-13,38.0975,3305870,37.978569198751295,38.2164308012487,37.819994797086366
2018-02-12,37.8596,3845820,37.97853068062827,38.41460984293194,36.07563979057591
2018-02-09,37.8596,3215790,36.31350115183246,37.8596,36.15492691099477
2018-02-08,38.8507,1062120,39.643571428571434,40.83287857142858,38.8507
2018-02-07,40.4365,3212830,39.960776470588236,40.4365,38.93004215686275
2018-02-06,37.8596,9071240,37.8596,40.43643141361257,37.8596
2018-02-05,40.6743,3142830,42.81505263157895,43.21148830409357,40.6743
2018-02-02,43.6873,1375890,43.52872540834846,43.6873,43.1322889292196
2018-02-01,43.608,3912850,44.00443636363636,44.00443636363636,42.02225454545454
2018-01-31,43.9251,6251570,44.32153592057762,46.54157707581228,43.9251
2018-01-30,43.7665,2951010,43.60792572463768,44.63865851449275,43.21149003623188
2018-01-29,43.608,4390910,45.11445818181817,45.9073309090909,43.52871272727272
2018-01-26,43.608,4619400,45.19374545454545,46.38305454545454,43.608
2018-01-25,44.4008,7105690,46.77941428571428,48.68230571428571,44.4008
2018-01-22,47.1759,3749050,47.65162336134454,48.36520840336134,46.38302773109243
2018-01-19,48.3652,3426360,46.541594098360655,48.76163606557377,46.38301967213115
2018-01-18,45.5902,2999350,43.29086817391305,46.620934956521744,43.21158086956522
2018-01-17,43.608,3459330,43.05298909090909,45.43160727272726,42.81512727272727
2018-01-16,42.7358,2440360,43.52867198515769,43.52867198515769,42.656512801484226
2018-01-15,43.2908,2874160,43.607948717948716,44.08367179487179,42.577215384615386
2018-01-12,43.608,4587910,41.38795636363636,44.00443636363636,41.308669090909085
2018-01-11,41.1501,2676140,39.40577976878613,41.38796184971098,38.85076878612717
2018-01-10,39.485,3018830,37.26495983935743,39.80214859437751,37.26495983935743
2018-01-09,37.265,1945080,36.868563829787234,37.50286170212765,36.78927659574468
2018-01-08,36.7893,1708070,37.26502370689655,37.38395463362068,36.630725431034485
2018-01-05,37.265,1664520,37.42357446808511,37.66143617021277,37.225356382978724
2018-01-04,37.4236,935370,37.93896737288136,38.05789830508474,37.18573813559322
2018-01-03,37.5821,1663590,37.661387130801685,38.41461487341772,37.5821
2018-01-02,37.5425,596280,37.34428194297782,37.820005279831044,37.34428194297782
2017-12-29,37.3839,2825760,37.10639490986214,37.859623011664894,36.63067189819724
2017-12-28,37.1857,940350,37.81999765458422,37.81999765458422,37.1857
2017-12-27,37.6218,1103520,37.899305374077976,38.216454373024234,37.542512750263434
2017-12-26,38.0579,1555640,37.42360166666666,38.4146928125,37.106452499999996
2017-12-25,37.265,881540,37.89929787234042,38.05787234042553,37.265
2017-12-22,37.8993,962890,38.2164489539749,38.7318160041841,37.8993
2017-12-21,38.2164,2896650,36.472082987551865,38.29568713692946,36.31350871369294
2017-12-20,36.3135,1430200,36.23421288209607,36.63064847161572,36.154925764192136
2017-12-19,36.71,1297970,36.987505399568036,37.225367170626356,35.996414686825055
2017-12-18,36.71,2414320,36.94786177105832,37.185723542116634,36.39285097192225
2017-12-15,36.3928,1761240,35.75850283224401,36.7892357298475,35.75850283224401
2017-12-14,35.8378,1424710,36.23423584070797,36.31352300884956,35.59993849557522
2017-12-13,36.3532,883220,36.47213086150491,36.55141810250818,35.99640741548528
2017-12-12,36.4721,1598220,35.837802608695654,36.55138717391304,34.172771956521736
2017-12-11,35.6792,943290,35.6792,36.86850666666667,35.6792
2017-12-08,37.265,1558790,36.47212765957447,37.7803670212766,35.20353191489362
2017-12-07,36.4721,1067350,37.81998195652174,37.978556304347826,36.4721
2017-12-06,37.3443,1834150,38.057885350318465,38.45432165605095,37.02715095541401
2017-12-05,38.0579,1980030,39.64364583333333,39.64364583333333,37.97861270833333
2017-12-04,39.2472,1584010,39.56434909090909,39.64363636363636,38.73183272727273
2017-12-01,39.2472,1312140,39.00933818181819,39.56434909090909,38.45432727272728
2017-11-30,38.8507,3235960,38.8507,38.8507,37.93889785714286
2017-11-29,39.1679,1595900,39.24718724696357,39.80219797570851,38.73182014170041
2017-11-28,39.485,2811900,41.15003012048193,41.15003012048193,39.24713855421687
2017-11-27,40.5158,3451040,40.119363600782776,41.229385518590995,38.85076712328767
2017-11-24,40.1193,2384820,40.83288438735178,41.30860731225297,40.04001284584981
2017-11-23,41.2294,2316540,40.912250769230766,41.863698461538455,40.04009038461538
2017-11-22,40.9122,7455670,40.83291279069768,42.81509302325581,39.96075348837209
2017-11-21,40.4365,8062730,39.56434019607843,40.4365,38.85075490196079
2017-11-20,37.82,3176670,36.15496855345912,37.82,35.679245283018865
2017-11-17,35.3621,10742380,34.886376681614344,36.07568497757847,34.33136614349775
2017-11-16,34.8864,5521990,35.28283636363636,35.28283636363636,33.895309090909095
2017-11-15,35.2828,6550260,35.2828,37.2649797752809,34.727789662921346
2017-11-14,37.265,15464870,39.2868244680851,39.2868244680851,36.749632978723405
2017-11-13,36.7496,132380,36.7496,36.7496,36.7496
2017-11-10,34.371,31030,34.371,34.371,34.371
2017-11-09,32.151,0,32.151,32.151,32.151
2017-11-08,32.151,0,32.151,32.151,32.151
2017-11-07,32.151,0,32.151,32.151,32.151
2017-11-06,32.151,800,32.151,32.151,32.151
